kab_kota,Melahirkan Tidak di Faskes,Kemiskinan,Konsumsi Protein,Pangan Hewani,RLS,faktor_dominan
Aceh Barat,0.17779212383899437,0.2515658026971871,0.18204795146441596,0.18753915918159217,0.20105496281781024,Kemiskinan
Aceh Besar,0.18551033505159037,0.2446323721034292,0.18371930916050772,0.19071335104556614,0.19542463263890644,Kemiskinan
Aceh Jaya,0.18014495625710691,0.2642265779091903,0.17637586953526224,0.1835758364170411,0.19567675988139932,Kemiskinan
Aceh Selatan,0.18167665986064724,0.22653915275537365,0.19538206443976422,0.19649768512937318,0.19990443781484155,Kemiskinan
Aceh Singkil,0.18322489674987533,0.22975330694549742,0.18378060445316088,0.20561701205874341,0.19762417979272273,Kemiskinan
Aceh Tamiang,0.18818816454242177,0.24435870923750125,0.17998716577703086,0.1857932577632733,0.20167270267977264,Kemiskinan
Aceh Tengah,0.1706539114463596,0.2567927964567496,0.18788929371237403,0.195385745068012,0.1892782533165046,Kemiskinan
Aceh Tenggara,0.18396583852526066,0.23591944928915184,0.18361698378600966,0.19244822532082595,0.20404950307875172,Kemiskinan
Aceh Timur,0.19175024543577648,0.24871471287594538,0.17220017550804267,0.1817630840200578,0.20557178216017746,Kemiskinan
Aceh Utara,0.18338462344578443,0.2500040812996112,0.17756975714060808,0.18912409454399767,0.19991744356999847,Kemiskinan
Agam,0.1869664268223293,0.20621723556368907,0.16923441102807726,0.21385163180550545,0.22373029478039877,RLS
Alor,0.1141482814217246,0.2136478348797225,0.1404559938452339,0.3051784893749143,0.2265694004784045,Pangan Hewani
Asahan,0.16346859438314928,0.2209022555983008,0.19432711220924398,0.21110343469911827,0.2101986031101875,Kemiskinan
Badung,0.17341118390233148,0.24783758220772711,0.2003193905347206,0.18533309276572585,0.19309875058949486,Kemiskinan
Balangan,0.1844587884416433,0.2095062351702082,0.2036942851373745,0.21102906196216675,0.19131162928860712,Pangan Hewani
Bandung,0.19572906100732534,0.18972644900362137,0.19020967114214787,0.20977632885940475,0.21455848998750046,RLS
Bandung Barat,0.19008957157158365,0.1864856517324203,0.1945438781966564,0.2110409096135916,0.21783998888574788,RLS
Banggai,0.17929589353314837,0.2410975339810875,0.17385989126785978,0.1938660204423721,0.21188066077553205,Kemiskinan
Banggai Kepulauan,0.19399412054014048,0.22378678007484737,0.1942755051143727,0.19224756332907422,0.195696030941565,Kemiskinan
Banggai Laut,0.19062236147036607,0.21316416700150065,0.1936716470599182,0.19190983553106156,0.21063198893715324,Kemiskinan
Bangka,0.17228071265857442,0.17411968372739534,0.22951631280383492,0.18686006019012116,0.23722323062007403,RLS
Bangka Barat,0.18451695236294247,0.17933567865585642,0.22910307335232588,0.18869900692717645,0.2183452887016986,Konsumsi Protein
Bangka Selatan,0.1756922079025275,0.16863120317260158,0.2179062571197218,0.1909467488095781,0.24682358299557094,RLS
Bangka Tengah,0.1784926253253042,0.17097772057920213,0.21740719405837827,0.1859040086130997,0.2472184514240156,RLS
Bangkalan,0.11035276404124023,0.23536332179443833,0.21549760184615063,0.1919834204061882,0.24680289191198237,RLS
Bangli,0.18323769240806168,0.24105039595955396,0.1948893248476586,0.2014434133504505,0.179379173434275,Kemiskinan
Banjar,0.1822177819451513,0.23885459989647545,0.18897771513311015,0.1955814506397282,0.1943684523855347,Kemiskinan
Banjarnegara,0.11471833724123158,0.23224677171777566,0.19872864958044065,0.21199418775048315,0.24231205371006878,RLS
Bantaeng,0.15149777730493177,0.2355944254698334,0.19540961156179917,0.20765491622953333,0.20984326943390214,Kemiskinan
Bantul,0.10749032094321158,0.2311221169036432,0.20020181467826154,0.20282144047303532,0.25836430700184815,RLS
Banyumas,0.15111266871486345,0.2293625398278756,0.18695176226750093,0.20832050066540245,0.2242525285243574,Kemiskinan
Banyuwangi,0.1461616921281817,0.2330734379068907,0.22289933597293768,0.19094714931417336,0.20691838467781637,Kemiskinan
Barito Kuala,0.19558328015807458,0.23576890029743403,0.1871129389678932,0.19386200595858988,0.18767287461800816,Kemiskinan
Barito Selatan,0.17897483159414518,0.2182568075808676,0.2165686139528621,0.20239425101005298,0.18380549586207198,Kemiskinan
Barito Timur,0.18153977670589316,0.21175932970973704,0.22137910402028677,0.19231672918119203,0.19300506038289078,Konsumsi Protein
Barito Utara,0.19295681435645606,0.21748631251830675,0.1985511874506677,0.20470943022442234,0.186296255450147,Kemiskinan
Barru,0.15965826837428815,0.21861339890405634,0.20985437211392707,0.2272299996635873,0.18464396094414093,Pangan Hewani
Batang,0.1096794284099249,0.21973108986186285,0.20790008862913878,0.22522567640069793,0.2374637166983754,RLS
Belitung,0.21706645190377355,0.1991205353032086,0.1697679690069445,0.18215133683537088,0.23189370695070227,RLS
Belitung Timur,0.18903082987078879,0.1956399388715909,0.19592829396632533,0.19582116008570044,0.22357977720559433,RLS
Belu,0.1338368900593432,0.19991762359079057,0.1315978874245337,0.32604835935440185,0.20859923957093054,Pangan Hewani
Bener Meriah,0.18264057795867114,0.24074224023434498,0.1875239352586612,0.19957839950585335,0.18951484704246913,Kemiskinan
Bengkalis,0.1794578792090602,0.19449698663165577,0.1783409438159858,0.2254397890154381,0.22226440132785996,Pangan Hewani
Bengkayang,0.17464332473704583,0.16949209511509922,0.19449888836644028,0.21783752664553283,0.24352816513588177,RLS
Bengkulu Tengah,0.18921624822862115,0.18894724931088466,0.18591720250632793,0.19928479921498285,0.23663450073918313,RLS
Bengkulu Utara,0.186311606378116,0.1916367888109652,0.18226558093549172,0.20003612292270537,0.23974990095272153,RLS
Berau,0.16351072057278968,0.21584734181316878,0.1863268976574495,0.2432604930303795,0.1910545469262124,Pangan Hewani
Bireuen,0.18525008262767975,0.25255421181666454,0.17667191761088152,0.185696737017283,0.19982705092749098,Kemiskinan
Blitar,0.09976931045769093,0.23871051964301848,0.20403541329650962,0.19781651276018863,0.25966824384259213,RLS
Blora,0.11106123750379357,0.22413897020000068,0.21114937675999385,0.19155454566268146,0.2620958698735303,RLS
Boalemo,0.15456198540439325,0.2277604214508414,0.18833281655419457,0.21219561518215044,0.21714916140842017,Kemiskinan
Bojonegoro,0.1237603012364749,0.22954660551041398,0.1941566627533197,0.19903746349737375,0.2534989670024175,RLS
Bolaang Mongondow,0.1930847645195003,0.22013999921152277,0.18469410279216675,0.17931626825626298,0.222764865220547,RLS
Bolaang Mongondow Selatan,0.19062933686649544,0.22575534519154145,0.17213444714024062,0.18280952391232652,0.22867134688939578,RLS
Bolaang Mongondow Utara,0.18200045935079986,0.22251649576931928,0.1928709784120751,0.187006390035698,0.2156056764321075,Kemiskinan
Bombana,0.1688045570267932,0.21736229941366728,0.19514224907668457,0.21729266987897428,0.20139822460388054,Kemiskinan
Bondowoso,0.14089130568031039,0.2360372476685423,0.2184182062610961,0.1823116900661209,0.2223415503239301,Kemiskinan
Bone,0.15239163535658984,0.23138867975543262,0.19754127017998305,0.2181934958719539,0.20048491883604036,Kemiskinan
Bone Bolango,0.1779202654412735,0.22609666874612555,0.18308075607244848,0.1795673769095218,0.23333493283063048,RLS
Brebes,0.15066964698395782,0.21403407497191665,0.20407781584120288,0.20243466211141428,0.22878380009150817,RLS
Buleleng,0.16763551748218355,0.23892664679926204,0.20659890691635033,0.1997697217366696,0.18706920706553432,Kemiskinan
Bulukumba,0.15462164711300247,0.22219881965793295,0.20204707639538919,0.21589700213812923,0.20523545469554602,Kemiskinan
Buol,0.16243043875425436,0.23555601879865382,0.17106827759647186,0.20251622598229677,0.22842903886832294,Kemiskinan
Buru,0.2049076373584814,0.19567349182084792,0.16517375569043055,0.20973837166768206,0.22450674346255792,RLS
Buru Selatan,0.18117338606593858,0.21710586824412004,0.15480980642258116,0.2148097012981006,0.23210123796925947,RLS
Buton,0.1576254130557931,0.22008643075666035,0.16643378313199975,0.2353063941135193,0.2205479789420273,Pangan Hewani
Buton Selatan,0.14621209925855302,0.22231692797514035,0.16300365156057905,0.2734899213640767,0.1949773998416507,Pangan Hewani
Buton Tengah,0.15809791926509775,0.23138199259741615,0.17793071143680061,0.2285758840870153,0.20401349261367008,Kemiskinan
Buton Utara,0.16107739513894048,0.22399396833536844,0.17871789110594216,0.2256941874701916,0.21051655794955715,Pangan Hewani
Cianjur,0.18057848105598895,0.17533730760258318,0.201892122193727,0.21184131531950398,0.23035077382819663,RLS
Cilacap,0.16475731462854215,0.2068051471213997,0.19351045991819948,0.20582687393951907,0.22910020439233936,RLS
Dairi,0.18731860027059807,0.24006449149288608,0.17548951489770834,0.19900171297351182,0.19812568036529557,Kemiskinan
Demak,0.09450219444036984,0.21936122785759682,0.20360015564295453,0.2131247813023854,0.2694116407566932,RLS
Dharmasraya,0.1858847572129393,0.18683460412339545,0.17264969464677404,0.226937788422655,0.22769315559423597,RLS
Dompu,0.1952273010394366,0.32133925053468565,0.15282871590351083,0.17569063700565832,0.15491409551670846,Kemiskinan
Donggala,0.14136001347793184,0.2325824228413039,0.18642156754646905,0.2397473966902527,0.1998885994440424,Pangan Hewani
Empat Lawang,0.18806952791543358,0.18876995668788007,0.20701923254931595,0.1875832892587285,0.2285579935886418,RLS
Ende,0.14154720894176454,0.2706863235167011,0.165518163353342,0.2313722748913975,0.1908760292967947,Kemiskinan
Enrekang,0.15239705585410793,0.21664721025202952,0.1991911323237425,0.22588686977932207,0.20587773179079782,Pangan Hewani
Fak Fak,0.18542307722573445,0.17592657012553578,0.1712814169119907,0.2471339637165906,0.2202349720201483,Pangan Hewani
Flores Timur,0.1447408870006649,0.2304626097923368,0.1527980840539716,0.27101242532933645,0.20098599382369015,Pangan Hewani
Garut,0.16965795591420468,0.1810123533958007,0.20131976665667073,0.21740992313992885,0.23060000089339486,RLS
Gayo Lues,0.17285293130817375,0.2575669417804039,0.17492277759662211,0.192700112074142,0.20195723724065806,Kemiskinan
Gianyar,0.17978644571351063,0.24346282058934396,0.19904165673898824,0.2024973538637518,0.17521172309440514,Kemiskinan
Gorontalo,0.17570606193272223,0.23752857886910242,0.17831906691069951,0.17477874770182839,0.2336675445856473,Kemiskinan
Gorontalo Utara,0.1801069534918186,0.23007416996639282,0.17761471847503554,0.1917918185612017,0.22041233950555117,Kemiskinan
Gowa,0.13609475290773598,0.2242198988125232,0.19413780360279956,0.23242143709644017,0.21312610758050093,Pangan Hewani
Gresik,0.10330824899800183,0.22322945581119358,0.1951024863681408,0.21278657827091108,0.2655732305517526,RLS
Grobogan,0.10246233632862126,0.22095523959549018,0.19758654533538914,0.20102194131911852,0.27797393742138066,RLS
Gunung Mas,0.2081474630235356,0.21029570544740206,0.21545021721842517,0.18886756853757505,0.177239045773062,Konsumsi Protein
Gunungkidul,0.10595734129937068,0.2147899014371028,0.20997884897055866,0.20572001797944178,0.26355389031352594,RLS
Halmahera Barat,0.2069212112303942,0.2004550963963555,0.18523713239860792,0.18314679796159059,0.22423976201305162,RLS
Halmahera Selatan,0.22711083175255936,0.19826456219992017,0.1698464637963295,0.17593010049684843,0.2288480417543423,RLS
Halmahera Timur,0.22066694725550937,0.19105966133111207,0.1795845526760915,0.17832315579211797,0.2303656829451689,RLS
Halmahera Utara,0.20559753680149764,0.1999743865759028,0.18274160342833182,0.17714393487595542,0.23454253831831215,RLS
Hulu Sungai Selatan,0.16932848161871317,0.24099001644829718,0.20266709090256854,0.19915128817551786,0.18786312285490311,Kemiskinan
Hulu Sungai Tengah,0.18882233017181335,0.22412546143035458,0.19371638889218457,0.20840137170619338,0.184934447799454,Kemiskinan
Humbang Hasundutan,0.18104053035443185,0.22566118950937467,0.19807929901587626,0.19815603109677257,0.19706295002354454,Kemiskinan
Indragiri Hulu,0.2119857467688264,0.1966428038275283,0.1760274213710603,0.18834002060841526,0.22700400742416957,RLS
Indramayu,0.1831588200150259,0.1980555173640384,0.18272547049165772,0.20581878204407078,0.2302414100852071,RLS
Jember,0.12828394258307793,0.23131510715293965,0.21496970326496012,0.20029881066313074,0.22513243633589136,Kemiskinan
Jembrana,0.1463586469673607,0.2346766546146576,0.21870806787228514,0.20744002025640326,0.19281661028929314,Kemiskinan
Jeneponto,0.15034860894121443,0.24767590683532548,0.19500178058034956,0.2276389543377542,0.1793347493053562,Kemiskinan
Jombang,0.10434559123128401,0.2279004722874851,0.2105160342224841,0.20770349190436707,0.24953441035437957,RLS
Kaimana,0.17293597501364028,0.17283711462986176,0.1670842648408509,0.2674147872986351,0.2197278582170118,Pangan Hewani
Karangasem,0.2068689715263724,0.2490412779946182,0.18833957480943953,0.18787386561381142,0.16787631005575823,Kemiskinan
Karawang,0.18200930321373127,0.1780796571687289,0.18874880220817647,0.20744907464529408,0.2437131627640691,RLS
Karimun,0.1850566451654056,0.17372131986986503,0.18507644331826043,0.21675277259298995,0.23939281905347887,RLS
Kaur,0.17884889304254656,0.19243369269866295,0.20042997455926773,0.18793439050892943,0.2403530491905932,RLS
Kayong Utara,0.1898392250286727,0.15723692321827076,0.20752688141739944,0.22681917339303215,0.2185777969426248,Pangan Hewani
Kebumen,0.11131285367099293,0.23444527056766637,0.18691881155719145,0.21268343751944738,0.25463962668470175,RLS
Kediri,0.10805937011217435,0.22749010177187412,0.1970971175187909,0.22324209439321033,0.24411131620395013,RLS
Kendal,0.09377495056817728,0.21549272574202397,0.21532659446592733,0.2075823934729898,0.26782333575088146,RLS
Kep. Siau Tagulandang Biaro,0.19363583597429035,0.1963581770119466,0.18372486837123303,0.19046241130910457,0.2358187073334252,RLS
Kepulauan Anambas,0.19292803122909596,0.1484220235626126,0.18222385239055244,0.20582360286289203,0.27060248995484676,RLS
Kepulauan Aru,0.14921569382062563,0.18419170209022453,0.14524437593554532,0.2834873623340326,0.2378608658195718,Pangan Hewani
Kepulauan Mentawai,0.19105191056350918,0.20029059981272201,0.17964380118862452,0.20642777923831168,0.22258590919683247,RLS
Kepulauan Meranti,0.15782024610430023,0.18181721404354093,0.18764237607259215,0.2329960924297465,0.23972407134982004,RLS
Kepulauan Sangihe,0.19850552901930435,0.19443723911185154,0.1862454322364936,0.1858999241898226,0.23491187544252773,RLS
Kepulauan Selayar,0.14114464633322577,0.2553445301152941,0.17352278452009973,0.224700895720048,0.20528714331133222,Kemiskinan
Kepulauan Talaud,0.20426883307684235,0.19066197975831295,0.1881406468875696,0.19139992817159612,0.22552861210567887,RLS
Kepulauan Tanimbar,0.14594004894270735,0.14869792883511523,0.13692548758055914,0.3192248860460329,0.24921164859558528,Pangan Hewani
Kepulauan Yapen,0.17626521461688766,0.2003632166788048,0.17869163673168395,0.23634005446054904,0.20833987751207442,Pangan Hewani
Ketapang,0.19536856475702527,0.18944438138034755,0.21386829885460004,0.210866969808412,0.19045178519961492,Konsumsi Protein
Klaten,0.10463635328335151,0.2291201741567129,0.19443875171891356,0.20940816814820576,0.2623965526928161,RLS
Klungkung,0.20106701425651552,0.24959779991820627,0.1856633065201373,0.19700201250992033,0.16666986679522042,Kemiskinan
Kolaka,0.17480633084672292,0.20827784832015217,0.2023195510018064,0.22644692486449916,0.18814934496681923,Pangan Hewani
Kolaka Timur,0.1664761746476004,0.21365199712367067,0.20073323295773904,0.2226648767150895,0.19647371855590023,Pangan Hewani
Konawe,0.16830647631483642,0.21162830835523366,0.19546276524251938,0.22563556043257574,0.19896688965483467,Pangan Hewani
Konawe Kepulauan,0.18854716157206838,0.20399349186873147,0.18870948412227478,0.21589140033830526,0.20285846209861993,Pangan Hewani
Konawe Utara,0.17651612830806854,0.22961072548252195,0.18582384542922004,0.21683268591583515,0.1912166148643542,Kemiskinan
Kota Adm. Jakarta Barat,0.19107719344729754,0.17369901444641364,0.18084094376199322,0.20555277518141513,0.24883007316288028,RLS
Kota Adm. Jakarta Pusat,0.17989127206394473,0.16796416050094043,0.1853368771733442,0.2087098436600329,0.2580978466017376,RLS
Kota Adm. Jakarta Selatan,0.16383613234806443,0.1810244526038222,0.1859625166968827,0.21629353230682963,0.25288336604440087,RLS
Kota Adm. Jakarta Timur,0.1625951554928984,0.17627677437931732,0.18951675995473502,0.21301863246319058,0.2585926777098585,RLS
Kota Adm. Jakarta Utara,0.17820694254583663,0.17412933904096423,0.19360401676547068,0.20726045789430578,0.2467992437534226,RLS
Kota Ambon,0.17551087984283453,0.1828777849321159,0.1590047068689754,0.2676798159044076,0.21492681245166645,Pangan Hewani
Kota Balikpapan,0.16445669963242743,0.2384789813610301,0.18588935616016009,0.2274342563885402,0.18374070645784202,Kemiskinan
Kota Banda Aceh,0.18717706730357567,0.24329992068950812,0.17973494708696147,0.1844750749200085,0.20531298999994604,Kemiskinan
Kota Bandar Lampung,0.17517317874556573,0.1750376644743796,0.187829302639071,0.2075878111912411,0.2543720429497424,RLS
Kota Bandung,0.18902969042336462,0.1896313333047613,0.19589178890500025,0.21551376290440832,0.2099334244624654,Pangan Hewani
Kota Banjar,0.16014815025676737,0.20770855785263823,0.19364122911453965,0.2074975248950747,0.23100453788097985,RLS
Kota Banjarbaru,0.17961626615961365,0.26158547694475537,0.1715205555087276,0.18303874514509183,0.20423895624181138,Kemiskinan
Kota Banjarmasin,0.18358957340793483,0.25652136144812193,0.1704469476754901,0.18029718372737,0.209144933741083,Kemiskinan
Kota Batam,0.20385091146528644,0.1825039665973095,0.18535402112588434,0.1921495999204027,0.23614150089111682,RLS
Kota Batu,0.11042531453645205,0.23282113070053642,0.20432031462983039,0.20922095299562285,0.24321228713755813,RLS
Kota Bau Bau,0.1623696200603782,0.23065466793251765,0.1755962495696637,0.2308086125194223,0.2005708499180179,Pangan Hewani
Kota Bekasi,0.1631938970454906,0.18496228895417618,0.18684467142886751,0.21543556003377237,0.2495635825376932,RLS
Kota Bengkulu,0.1871683726539205,0.19521420845044957,0.19272595761179856,0.19119404810829427,0.23369741317553702,RLS
Kota Bima,0.1724814892749961,0.29611425515898193,0.16849620129767262,0.19872635698648933,0.16418169728185988,Kemiskinan
Kota Binjai,0.1761704332740381,0.24047151906085787,0.17901915405935534,0.20034225082726265,0.2039966427784859,Kemiskinan
Kota Bitung,0.1948803102517011,0.19524446491450476,0.185772063028809,0.1914005323570015,0.23270262944798345,RLS
Kota Blitar,0.11329646394934177,0.22465987742414642,0.20146127712336362,0.20212102233984908,0.25846135916329893,RLS
Kota Bogor,0.16460939959163287,0.18773027714160062,0.18448060453011733,0.21514671125359308,0.2480330074830559,RLS
Kota Bontang,0.15877112439733151,0.2183158925135288,0.18448535226742907,0.2355218495741096,0.20290578124760084,Pangan Hewani
Kota Bukittinggi,0.19602364161787522,0.20626171287639972,0.18126720249007977,0.20356228393100112,0.212885159084644,RLS
Kota Cilegon,0.15709272642918984,0.18106885813560483,0.19037888142014664,0.19928684144308886,0.27217269257196963,RLS
Kota Cimahi,0.1818517181754014,0.1869347772566636,0.1898547256474949,0.2195447455720986,0.22181403334834135,RLS
Kota Cirebon,0.17647013026427494,0.18040657114549255,0.20661713225122924,0.21975003699889314,0.21675612934011002,Pangan Hewani
Kota Depok,0.15930003330362383,0.18478237576453252,0.2011265174958978,0.22049592496128256,0.2342951484746631,RLS
Kota Dumai,0.17886828079541725,0.19495885361857718,0.18784035530795087,0.21981375421391208,0.21851875606414248,Pangan Hewani
Kota Gorontalo,0.18324435946803336,0.21368428580606355,0.18893074223172485,0.19762659012930164,0.21651402236487646,RLS
Kota Gunungsitoli,0.17410551715922293,0.2531258450797346,0.1772107835813071,0.20325495771430305,0.19230289646543217,Kemiskinan
Kota Jambi,0.20400955129647222,0.20010803436802443,0.1867565823413512,0.17731005921358678,0.23181577278056517,RLS
Kota Jayapura,0.17828379546341255,0.20676451511298086,0.18636525500656445,0.23719851936399294,0.19138791505304903,Pangan Hewani
Kota Kediri,0.1183346670456962,0.22535566997298698,0.1896004110979297,0.20894572375067927,0.2577635281327077,RLS
Kota Kendari,0.1720023839331305,0.21861433757205226,0.19473418812476448,0.21999678965962652,0.19465230071042616,Pangan Hewani
Kota Kotamobagu,0.19173181548287832,0.21885826335522687,0.17994110434882093,0.18139271553425912,0.22807610127881459,RLS
Kota Kupang,0.13463180559635296,0.2154788871929163,0.1452174821928033,0.30303024184142546,0.20164158317650177,Pangan Hewani
Kota Langsa,0.1890167799168237,0.24942868302711751,0.1790521534847719,0.19374653395401836,0.18875584961726835,Kemiskinan
Kota Lhokseumawe,0.18489602222467033,0.23690264793410235,0.19119542769698375,0.19194692433541774,0.19505897780882567,Kemiskinan
Kota Lubuk Linggau,0.17900260134873874,0.19961713987454807,0.17844363552744996,0.22004456696800417,0.22289205628125888,RLS
Kota Madiun,0.11112530910204299,0.22753199994318127,0.1892386424023015,0.19336385328585315,0.27874019526662086,RLS
Kota Magelang,0.10140975376200949,0.21135026555899553,0.2089652314966243,0.21284376950731107,0.26543097967505946,RLS
Kota Makassar,0.14077599984404923,0.23700262816783507,0.18342294309867924,0.22292745353657528,0.21587097535286104,Kemiskinan
Kota Malang,0.11860204685279806,0.22567618441373374,0.21574934884209718,0.1937315131587807,0.24624090673259014,RLS
Kota Manado,0.19209964520209297,0.2033320018668806,0.18113991600597018,0.19128088962571443,0.23214754729934162,RLS
Kota Mataram,0.2034579959572407,0.258763340380551,0.1777648079648997,0.1880561982477789,0.17195765744952954,Kemiskinan
Kota Metro,0.18830826409800885,0.16888523435468109,0.19305403835611884,0.1933118707627975,0.2564405924283936,RLS
Kota Padang,0.18664589016495087,0.1895156745694163,0.1752580474017436,0.22133408448166544,0.22724630338222365,RLS
Kota Padang Panjang,0.18818334018596608,0.1999080610391007,0.1778842981415907,0.2108770893935061,0.22314721123983616,RLS
Kota Padang Sidempuan,0.20547818769943416,0.2066253342781808,0.17277383988941203,0.2112363700039012,0.20388626812907162,Pangan Hewani
Kota Palangkaraya,0.21856385211304682,0.20981039003856689,0.20723517806625924,0.17838209307428646,0.18600848670784043,Melahirkan Tidak di Faskes
Kota Palembang,0.17472916935483765,0.18987761149905674,0.21716984923930546,0.18319792315784916,0.23502544674895084,RLS
Kota Palopo,0.14165947044200558,0.23201887075499272,0.20916221345624136,0.22404744714954447,0.19311199819721578,Kemiskinan
Kota Palu,0.14937639616497558,0.230836387548154,0.1958630319406365,0.24286201410052077,0.18106217024571297,Pangan Hewani
Kota Pangkal Pinang,0.1719236304378986,0.18631570580741103,0.22354815012109247,0.18329080937034511,0.2349217042632526,RLS
Kota Parepare,0.15340118542390246,0.21896019174180392,0.21324077798784058,0.23004635084928118,0.18435149399717166,Pangan Hewani
Kota Pariaman,0.18065558679872495,0.20311567729686913,0.17924006003169,0.22412167358313098,0.21286700228958477,Pangan Hewani
Kota Pasuruan,0.11672862913011794,0.237983119974155,0.2106559984026236,0.18545832504272125,0.24917392745038203,RLS
Kota Payakumbuh,0.18760191915167534,0.2131366543767488,0.16537097232637807,0.21127649145000624,0.22261396269519138,RLS
Kota Pekalongan,0.12575918170192266,0.21815214741573197,0.20240012029812895,0.21971292259282402,0.23397562799139232,RLS
Kota Pekanbaru,0.16775975029850324,0.19263681357114754,0.19126042959513845,0.2281954650829427,0.22014754145226792,Pangan Hewani
Kota Pematangsiantar,0.19026725864113733,0.23672509681964682,0.18300397114292188,0.213229617721966,0.17677405567432783,Kemiskinan
Kota Pontianak,0.17975417487667078,0.14499527553373193,0.19687567635661687,0.2427407164524028,0.2356341567805774,Pangan Hewani
Kota Prabumulih,0.16271833534342262,0.18866022134258786,0.22802825979011748,0.18493198428897503,0.23566119923489687,RLS
Kota Sabang,0.19405117518594828,0.24963488904676578,0.1853775956312078,0.1804147804451381,0.19052155969093987,Kemiskinan
Kota Salatiga,0.10253026355695972,0.22864482115593773,0.20886677237344667,0.2027137490313088,0.25724439388234693,RLS
Kota Samarinda,0.16671359154344054,0.2249699611225295,0.18903119358885168,0.2308105340328192,0.1884747197123589,Pangan Hewani
Kota Sawahlunto,0.18737264312538793,0.18476508565017138,0.17797919657462036,0.21974662510879048,0.2301364495410297,RLS
Kota Semarang,0.10550489537074358,0.22657854649045783,0.20126849302063887,0.21016816717145542,0.2564798979467041,RLS
Kota Serang,0.16383468732798165,0.1748365544202328,0.18931882332747726,0.2137179534796659,0.25829198144464227,RLS
Kota Singkawang,0.1777608564442682,0.14404385183652696,0.19594155722137213,0.23496654958583404,0.24728718491199864,RLS
Kota Solok,0.18228039439467686,0.19331875770995552,0.17450298598324734,0.2229616911217399,0.22693617079038025,RLS
Kota Subulussalam,0.1826898594635558,0.2288943160959123,0.19372601663633454,0.19747079659108588,0.19721901121311136,Kemiskinan
Kota Sungai Penuh,0.2072121777804864,0.20799335061478605,0.16459361847112086,0.19293283660260843,0.22726801653099812,RLS
Kota Surakarta,0.11242057740775024,0.21663269738373728,0.19663724566756902,0.21044874428942517,0.26386073525151815,RLS
Kota Tangerang,0.17687782129970525,0.18951406019048564,0.1799073811053287,0.2061799783381657,0.24752075906631457,RLS
Kota Tangerang Selatan,0.17317955134067578,0.1783416701335373,0.1865676945566154,0.2138011261584568,0.24810995781071454,RLS
Kota Tanjung Balai,0.1770871577803191,0.22915516175113465,0.17840811061307213,0.1980510396930208,0.21729853016245318,Kemiskinan
Kota Tanjung Pinang,0.20474615406765065,0.17746204869715754,0.18748126639283197,0.18954524295678626,0.2407652878855734,RLS
Kota Tarakan,0.17050718037063048,0.22468519156201572,0.18464381603568525,0.23228798861672725,0.18787582341494113,Pangan Hewani
Kota Tasikmalaya,0.18561589074226548,0.1911951769816552,0.20242686337975047,0.20709059392185317,0.21367147497447558,RLS
Kota Tegal,0.13916731548551223,0.22870495247633238,0.18792068709236112,0.20412916723694843,0.24007787770884567,RLS
Kota Ternate,0.21794282192239414,0.18979994987791893,0.17862953118497643,0.18284155187451556,0.23078614514019474,RLS
Kota Tidore Kepulauan,0.21865451586971274,0.19289979866082393,0.17555015239615696,0.18382443559208905,0.22907109748121707,RLS
Kota Tomohon,0.18981449931077016,0.20771421301487428,0.1839449316652059,0.1810749685589387,0.2374513874502108,RLS
Kota Tual,0.15877438765724852,0.1852319032835813,0.1608954019060244,0.27871279173065294,0.21638551542249262,Pangan Hewani
Kota Yogyakarta,0.111160113222926,0.2309115485974943,0.20067824202832052,0.20295445822707356,0.2542956379241855,RLS
Kotabaru,0.17470253368963815,0.23367965380471864,0.19714846698002253,0.20959563257295274,0.1848737129526678,Kemiskinan
Kotawaringin Barat,0.21213842200639146,0.20309324191347025,0.19792839598423612,0.19531603591785876,0.19152390417804316,Melahirkan Tidak di Faskes
Kuantan Singingi,0.17919193293205068,0.1868351573119521,0.183865003047604,0.23192809659150868,0.21817981011688437,Pangan Hewani
Kubu Raya,0.19590698410420135,0.15825398109318398,0.19899557754156788,0.22680736812594748,0.22003608913509914,Pangan Hewani
Kulon Progo,0.11738391833569678,0.22403663049385672,0.1938117838263453,0.20167150860651417,0.26309615873758685,RLS
Kuningan,0.17747358218698248,0.20212795795246782,0.1866319609750282,0.1959258560587183,0.23784064282680306,RLS
Kupang,0.14254182293057732,0.211041424682543,0.1319198686242089,0.3087852433115772,0.2057116404510934,Pangan Hewani
Kutai Barat,0.17923996462852,0.21456975494202882,0.18813525311886006,0.22597400810557003,0.1920810192050209,Pangan Hewani
Kutai Kartanegara,0.16044914906273244,0.23122063327343423,0.18441459509808705,0.2350856040396273,0.18883001852611878,Pangan Hewani
Kutai Timur,0.16207233349545644,0.21857636336068306,0.17631300761206511,0.2313608069997502,0.21167748853204502,Pangan Hewani
Labuhanbatu,0.17901041385374433,0.22025723383026852,0.18761830229483104,0.21166933260085663,0.20144471742029932,Kemiskinan
Lahat,0.17300995116059076,0.19221853751052903,0.22372591278593384,0.19460036668248437,0.21644523186046183,Konsumsi Protein
Lamongan,0.11187013230127842,0.22468206521364215,0.21026423577922915,0.20986237520821255,0.24332119149763753,RLS
Lampung Barat,0.16834087585151672,0.17471700555698721,0.2049790138515881,0.2048405150803389,0.2471225896595689,RLS
Lampung Selatan,0.16559782759592134,0.1825099922677086,0.19665288896492322,0.2020269698445491,0.2532123213268976,RLS
Lampung Tengah,0.1670249354148541,0.17586344070143511,0.19716681937070962,0.2115225816885489,0.24842222282445206,RLS
Lampung Timur,0.17157150297797152,0.17302172791020853,0.18926038887764127,0.20379263092252106,0.26235374931165745,RLS
Lampung Utara,0.1640517625629948,0.18422099639477033,0.20299914846002373,0.20423740488733094,0.24449068769488003,RLS
Landak,0.1840190849328657,0.15638790457706236,0.20361171654458188,0.22243702613288996,0.23354426781259996,RLS
Lebak,0.16524510076298626,0.18177513687046212,0.1705119091583971,0.2263741414604249,0.2560937117477295,RLS
Lebong,0.19615964300936872,0.20499270604938657,0.18370940158235674,0.18969279625984914,0.22544545309903866,RLS
Lembata,0.1302801174739131,0.23613533392330618,0.14663859723525785,0.2873915004915204,0.19955445087600238,Pangan Hewani
Lima Puluh Kota,0.1937156503142068,0.19008629381529232,0.18322592328606732,0.21269936076134466,0.22027277182308871,RLS
Lingga,0.18481973280880123,0.19367542459093834,0.17902345097977057,0.18312362666469464,0.259357764955795,RLS
Lombok Timur,0.20567740744949942,0.2852432190026275,0.15713540764377174,0.19289976037400347,0.15904420553009768,Kemiskinan
Lombok Utara,0.2234816637695896,0.2645046806740108,0.1628748240279427,0.2014664023686249,0.14767242915983184,Kemiskinan
Lumajang,0.12502442170394523,0.22657405266354688,0.2186911734304331,0.19052401587830217,0.2391863363237724,RLS
Luwu Timur,0.1579127612000552,0.23327412909283562,0.19733867257235144,0.2168029902169507,0.19467144691780686,Kemiskinan
Luwu Utara,0.14307793836480323,0.25882946662404094,0.2018796398622142,0.21482898838204612,0.18138396676689536,Kemiskinan
Madiun,0.12445485442821187,0.2192503506772285,0.20056343311660052,0.202070126584514,0.2536612351934449,RLS
Magetan,0.11159242527662751,0.21739288491798447,0.1973646692872585,0.19736565524882588,0.2762843652693035,RLS
Mahakam Ulu,0.19838519207747657,0.22685754923184043,0.18965753195297552,0.2158790080618139,0.16922071867589336,Kemiskinan
Majalengka,0.18136124837924,0.1946278755382268,0.19455726749442198,0.21902111816451733,0.21043249042359366,Pangan Hewani
Majene,0.1464885508187989,0.20104036242087106,0.21437854703393033,0.24419791836653448,0.19389462135986502,Pangan Hewani
Malang,0.10796782907997611,0.2467375622545259,0.21167260778825367,0.20383053803795623,0.22979146283928797,Kemiskinan
Malinau,0.1693455147540864,0.2024773776596354,0.19054227182977368,0.23374301346375845,0.203891822292746,Pangan Hewani
Maluku Barat Daya,0.13647952156464505,0.15610228659259415,0.11848938084591579,0.3342896152657761,0.25463919573106875,Pangan Hewani
Maluku Tengah,0.18629807835648554,0.1831787854718764,0.16411205962677874,0.2503857709274525,0.2160253056174066,Pangan Hewani
Maluku Tenggara,0.16583763831709702,0.1940260875675082,0.15389620667673742,0.2694717456610178,0.21676832177763938,Pangan Hewani
Mamuju,0.13848952831061923,0.2538536680826376,0.20885740996196242,0.21924269557430925,0.17955669807047134,Kemiskinan
Mamuju Tengah,0.15332713233996187,0.22092115093600387,0.20756202889808564,0.22998318924380376,0.18820649858214467,Pangan Hewani
Mandailing Natal,0.2220767166206667,0.19959800072494582,0.17630181983612647,0.20573064509304217,0.19629281772521867,Melahirkan Tidak di Faskes
Manggarai,0.15657597438683868,0.2971521650452264,0.17184515481851095,0.2113495362623724,0.16307716948705148,Kemiskinan
Manggarai Barat,0.16373163455876438,0.29419388326232127,0.15766941973770143,0.2091419534113972,0.1752631090298156,Kemiskinan
Manggarai Timur,0.15411811532392056,0.2821922969078392,0.17526587689127843,0.2100391015266325,0.17838460935032918,Kemiskinan
Manokwari,0.2114478095465605,0.19515216418558987,0.16743808814162048,0.2292660066400255,0.19669593148620348,Pangan Hewani
Manokwari Selatan,0.19579587111355043,0.19041249362630672,0.17065440006340601,0.24368078531847898,0.19945644987825767,Pangan Hewani
Mempawah,0.18694186695876086,0.16796980646560877,0.18862602041853493,0.2229714326654342,0.23349087349166112,RLS
Merangin,0.2022450344503581,0.18863297307990445,0.19167948420158398,0.19644406205155238,0.22099844621660095,RLS
Mesuji,0.1695936843847867,0.17808344466369685,0.20403475774509813,0.19327060734173396,0.2550175058646842,RLS
Minahasa,0.20092377717176246,0.19800205561616857,0.1798676192704184,0.19082817708754646,0.23037837085410398,RLS
Minahasa Selatan,0.19295843610230343,0.20731841137289395,0.1782821539669082,0.18301638223700073,0.23842461632089357,RLS
Minahasa Utara,0.18587654262966366,0.20100125638794364,0.1877779571951164,0.18802984471291245,0.23731439907436375,RLS
Mojokerto,0.11303270855861647,0.23390722215548912,0.19970590209819974,0.19226879924721707,0.26108536794047743,RLS
Morowali,0.1734855931128303,0.23750186420478853,0.19113333910107974,0.2064242063172178,0.19145499726408344,Kemiskinan
Morowali Utara,0.15232306969365567,0.2616593885642169,0.20144159846709395,0.19773747730004773,0.18683846597498557,Kemiskinan
Muara Enim,0.18529495118140982,0.19410054266271773,0.20152053940184128,0.17820609507437174,0.2408778716796593,RLS
Muko Muko,0.1938312675036252,0.20635941482779857,0.1806806263215471,0.1971290017730335,0.22199968957399552,RLS
Muna,0.16558489280663183,0.22169948254723154,0.18538388388349436,0.22961390635143367,0.19771783441120838,Pangan Hewani
Muna Barat,0.17714794552255364,0.22360798110019736,0.18330264636855065,0.2179309792215386,0.19801044778715957,Kemiskinan
Murung Raya,0.21283880614440137,0.2139112727149642,0.18918169691515554,0.20725303579662452,0.17681518842885421,Kemiskinan
Musi Rawas,0.17759953933508632,0.20344338512257343,0.1982740449497708,0.19472782031524444,0.22595521027732493,RLS
Nagan Raya,0.18374702932812007,0.2454458946165536,0.18628124364225981,0.18090482431326269,0.20362100809980363,Kemiskinan
Nagekeo,0.13107589839471465,0.2827702305671313,0.1660775307568277,0.23432639987209156,0.18574994040923468,Kemiskinan
Natuna,0.16196548698018304,0.15076025759978845,0.18834149773246614,0.2450663868311499,0.2538663708564124,RLS
Ngada,0.15166035836335334,0.2908844537070231,0.16393763540680192,0.2057620173437782,0.1877555351790433,Kemiskinan
Nganjuk,0.11678516300547494,0.23230022656556681,0.19253249379928938,0.1958693378950088,0.26251277873466006,RLS
Ngawi,0.11543989511763668,0.22175305253222508,0.20746604438784855,0.18898378940605431,0.2663572185562353,RLS
Nias Barat,0.18379641666023064,0.22803682590869037,0.18894635566831464,0.20001336961529828,0.19920703214746588,Kemiskinan
Nias Selatan,0.19912462558205762,0.20665177153072548,0.18051396255658012,0.20727776069516166,0.20643187963547496,Pangan Hewani
Ogan Ilir,0.18133519787545982,0.176422488857721,0.21858482789041997,0.1738232987412718,0.2498341866351272,RLS
Ogan Komering Ilir,0.1836621356160504,0.18344431654528393,0.2048575521797354,0.18623281248918755,0.24180318316974259,RLS
Ogan Komering Ulu,0.16608732397273832,0.1759475229955027,0.22729727324761376,0.1904658092120773,0.24020207057206777,RLS
Ogan Komering Ulu Selatan,0.17592655999908502,0.18049289574299024,0.20896177049215814,0.20264763977768466,0.23197113398808178,RLS
Pacitan,0.11610313156214531,0.22373220175818512,0.1961261868577251,0.18685480015870556,0.27718367966323876,RLS
Padang Pariaman,0.18705773742562185,0.20050433387958552,0.1812330371651054,0.2108946817622467,0.22031020976744034,RLS
Pakpak Bharat,0.19498625947887532,0.2137762833288515,0.18432002011839657,0.21011121444990918,0.19680622262396724,Kemiskinan
Pandeglang,0.1620322379323088,0.1555619497404754,0.1941076883517978,0.19239100584105015,0.29590711813436765,RLS
Pangandaran,0.1776104527605928,0.19783300783416718,0.18631026126472708,0.212473650813557,0.2257726273269557,RLS
Pangkajene dan Kepulauan,0.14418857774948263,0.22398308645140513,0.2126852172137105,0.23589486517434022,0.18324825341106135,Pangan Hewani
Parigi Moutong,0.15336080677868685,0.2335738362536073,0.19100162603598977,0.20468660049137316,0.21737713044034276,Kemiskinan
Pasaman,0.19292918990322033,0.20549390898760117,0.173596179528144,0.21135014640550534,0.21663057517552897,RLS
Pasaman Barat,0.19634446649171042,0.19765547263433828,0.17743947267894794,0.20907420453133135,0.21948638366367185,RLS
Pasangkayu,0.14543474841097118,0.24135167642855626,0.19938474412076382,0.23388435804515323,0.1799444729945553,Kemiskinan
Paser,0.18311346205808166,0.2224483263357202,0.20774953981086686,0.21406300012253504,0.1726256716727961,Kemiskinan
Pasuruan,0.1094493850652139,0.25194355414593494,0.22288553778035736,0.19496412279374145,0.22075740021475215,Kemiskinan
Pati,0.11158766293791007,0.2005561200999298,0.1878936931169771,0.2141625085978758,0.2858000152473071,RLS
Pegunungan Arfak,0.20471404817648747,0.19646882828338946,0.1698956915324579,0.2362890217463051,0.19263241026135994,Pangan Hewani
Pekalongan,0.12101355060097514,0.21775868331057635,0.21281887304409028,0.21736350638578963,0.23104538665856833,RLS
Pemalang,0.1444536962733466,0.2232402124017098,0.19343793466215453,0.2122396549056665,0.2266285017571224,RLS
Penajam Paser Utara,0.17582386559669932,0.21382460012661406,0.1884742652871237,0.2429035526755999,0.17897371631396292,Pangan Hewani
Penukal Abab Lematang Ilir,0.18206429560595572,0.18589251312988728,0.21549990647781425,0.18360646915986123,0.23293681562648136,RLS
Pesawaran,0.17281484854480103,0.1770406560744014,0.1886713645032031,0.21126351058545778,0.2502096202921365,RLS
Pesisir Barat,0.16409945128937697,0.18176223366475827,0.20010582908169575,0.2194622936401709,0.23457019232399798,RLS
Pesisir Selatan,0.18367345571249313,0.2002349508676502,0.1800210078564811,0.20971115951131813,0.22635942605205728,RLS
Pidie,0.18240171002109384,0.25634843223479686,0.1735873849591757,0.1848917918495162,0.2027706809354173,Kemiskinan
Pidie Jaya,0.1864237083871812,0.24868205547594446,0.17920966208166086,0.18252153989744146,0.20316303415777182,Kemiskinan
Pinrang,0.157921559648483,0.21785875778482047,0.21274912249604894,0.2312957318941933,0.18017482817645405,Pangan Hewani
Pohuwato,0.1592732712528672,0.23295050529255346,0.17425165872664417,0.1959009237402275,0.2376236409877076,RLS
Polewali Mandar,0.14758324595248118,0.23228369492297724,0.20908345165170628,0.22795020791360526,0.18309939955922994,Kemiskinan
Poso,0.15534934809764298,0.23357661949038352,0.19160794605247047,0.2342146460169057,0.1852514403425971,Pangan Hewani
Pringsewu,0.1820220291417241,0.16214116697427328,0.20116401174064705,0.1990442807650855,0.2556285113782699,RLS
Pulang Pisau,0.18465862995731677,0.2504379435221866,0.1824534016070692,0.18499257826261314,0.19745744665081416,Kemiskinan
Pulau Taliabu,0.20908401079214645,0.21036340616908197,0.18127345892413227,0.18702527802545593,0.2122538460891832,RLS
Purbalingga,0.1346959220182785,0.21825603152103967,0.19742658447598227,0.2189572272303898,0.23066423475430956,RLS
Purwakarta,0.18371869596868245,0.19047884263270423,0.20128521211415043,0.21113510331628305,0.2133821459681797,RLS
Purworejo,0.10468207371680131,0.2397461605219805,0.1977102518111124,0.21080957746319856,0.247051936486907,RLS
Rejang Lebong,0.20183892049247765,0.2019877740301376,0.185423699853369,0.19091034120898728,0.2198392644150282,RLS
Rembang,0.10998921075520257,0.22039667152036074,0.19958210410266608,0.20794215930651794,0.26208985431525256,RLS
Rokan Hilir,0.189011419113119,0.2177480196971519,0.18017683780040075,0.20406847107405904,0.20899525231526914,Kemiskinan
Rokan Hulu,0.18741556071707166,0.20052616824745642,0.17729707819752516,0.2064093492645417,0.22835184357340482,RLS
Rote Ndao,0.13462330620595078,0.23928806017974566,0.15083258106687222,0.28311243391358876,0.19214361863384244,Pangan Hewani
Sabu Raijua,0.15651339778298257,0.2659557497949172,0.16778108821533602,0.2347264909087859,0.17502327329797815,Kemiskinan
Sambas,0.18166686533391518,0.16957553318099164,0.19259969371259666,0.22507848437787414,0.23107942339462217,RLS
Samosir,0.2017101989595204,0.22329451915135154,0.17451707528878654,0.19270307374830858,0.20777513285203278,Kemiskinan
Sampang,0.11818044148868607,0.22672682493471344,0.21287542472596627,0.1950031122033985,0.24721419664723557,RLS
Sanggau,0.21095249951857717,0.16394547038492224,0.2103967404583651,0.22673537970636637,0.18796990993176893,Pangan Hewani
Sarmi,0.17103440381003412,0.20816506036832136,0.19017010884653235,0.243983496760012,0.1866469302151,Pangan Hewani
Sarolangun,0.19283532134566667,0.19632916945181952,0.17399341514305128,0.20773963391873196,0.2291024601407304,RLS
Sekadau,0.20191962960677745,0.19382141078421464,0.1964824138525469,0.21192506032681502,0.19585148542964584,Pangan Hewani
Seluma,0.17235291520479848,0.1844597720131201,0.2087361494899839,0.20111169655715957,0.23333946673493772,RLS
Seram Bagian Barat,0.1725560561504911,0.20111204304816763,0.15428382117454897,0.23541434527142804,0.23663373435536414,RLS
Seram Bagian Timur,0.1575601821082431,0.19828246694952276,0.16306311137773755,0.2652233109511376,0.21587092861335888,Pangan Hewani
Serang,0.16167447869451515,0.18266996579315864,0.18764677970956323,0.21046714056766022,0.25754163523510265,RLS
Serdang Bedagai,0.180255565963625,0.2187478092409751,0.18220509014341055,0.19665594349003862,0.22213559116195059,RLS
Seruyan,0.185886498568031,0.2271189125109043,0.19247750421653065,0.19937897471760516,0.19513810998692865,Kemiskinan
Siak,0.1774255659185731,0.19373055815110296,0.1790945697422227,0.23100643651804967,0.21874286967005135,Pangan Hewani
Sigi,0.14803515309082965,0.22087282982749437,0.1999860204035539,0.24088018616226595,0.19022581051585594,Pangan Hewani
Sijunjung,0.18603288141192836,0.18929037269651014,0.1687185710570977,0.22235644973734597,0.23360172509711769,RLS
Sikka,0.14176659677768513,0.25301691565043544,0.1437289759769445,0.2598027952134149,0.20168471638151983,Pangan Hewani
Simalungun,0.17970006315359874,0.22917610128243307,0.17967762376107055,0.20300094821043682,0.2084452635924606,Kemiskinan
Simeulue,0.177909163771324,0.2543243829055265,0.18237093909063729,0.1928861671597916,0.19250934707272044,Kemiskinan
Sintang,0.2226226498319369,0.20627747050995857,0.18516260843446763,0.1911323037390015,0.1948049674846353,Melahirkan Tidak di Faskes
Situbondo,0.14124832218553113,0.239463542455127,0.21975421051592436,0.18874245435368495,0.21079147048973237,Kemiskinan
Sleman,0.10444920167199419,0.22367594332299964,0.2108977123975294,0.21227365055240377,0.24870349205507283,RLS
Solok,0.18118389311585847,0.193022145803068,0.18227500367443977,0.2181324199088156,0.22538653749781798,RLS
Soppeng,0.161301945362038,0.2202351366775562,0.20056330637096323,0.22837040531159916,0.1895292062778432,Pangan Hewani
Sragen,0.11486071676158886,0.20825876808979635,0.20097654510025967,0.19993512440031125,0.27596884564804375,RLS
Subang,0.18704717431572096,0.18367585190634894,0.2052286993573967,0.2132940964103272,0.21075417801020604,Pangan Hewani
Sukabumi,0.1945090642056212,0.17814578610824425,0.17329316627029526,0.18336947191457378,0.27068251150126543,RLS
Sukamara,0.19804681217145859,0.18597276566741888,0.21174199559873444,0.22471832046343032,0.17952010609895763,Pangan Hewani
Sukoharjo,0.12203556194114465,0.22317054632193103,0.20090142707932693,0.19809225317858856,0.25580021147900867,RLS
Sumba Barat,0.18730162256137625,0.298428335187811,0.15795199723045578,0.19819140270839297,0.15812664231196388,Kemiskinan
Sumba Barat Daya,0.1798347054154069,0.302398088652151,0.1682104463817438,0.18121026729222997,0.16834649225846812,Kemiskinan
Sumba Tengah,0.17071293595322046,0.2894268819205916,0.17071488612596097,0.21452967294694217,0.15461562305328466,Kemiskinan
Sumba Timur,0.16526631656985435,0.2923625705181604,0.1666182597356625,0.20822447866658175,0.1675283745097409,Kemiskinan
Sumbawa,0.20446116862933103,0.2973884290218298,0.15503480983637907,0.17529724247684977,0.16781835003561013,Kemiskinan
Sumedang,0.18392675864903354,0.1771730855555748,0.20387157549765805,0.2088335618356264,0.226195018462107,RLS
Sumenep,0.16172306116098614,0.2184208029544476,0.222077982306899,0.21332426929022874,0.18445388428743836,Konsumsi Protein
Supiori,0.2080639734698958,0.19985764726339283,0.17198023223683792,0.22232318725859038,0.1977749597712829,Pangan Hewani
Tabanan,0.16326454116076555,0.24176368136458518,0.2173056373202552,0.18597992092540927,0.19168621922898468,Kemiskinan
Tana Tidung,0.177738864268011,0.21284978303115232,0.17062952690753752,0.24358887861557882,0.19519294717772018,Pangan Hewani
Tana Toraja,0.14562063948523674,0.22110207000095095,0.21701425244320008,0.23966339048435892,0.17659964758625316,Pangan Hewani
Tanah Bumbu,0.1636083122840942,0.263538499312188,0.19133333702969044,0.19776252570707498,0.18375732566695224,Kemiskinan
Tanah Datar,0.18036908441348107,0.19604843608642383,0.18744053441103814,0.21513289524994456,0.22100904983911218,RLS
Tangerang,0.16847460367117512,0.18356531629852885,0.18421493785085696,0.20373398415050736,0.26001115802893154,RLS
Tanggamus,0.1539656436848852,0.1673098446017929,0.2056798823754962,0.20233405874207827,0.27071057059574716,RLS
Tanjung Jabung Barat,0.1797858439542704,0.20419865926875533,0.1752485548914412,0.19611295442762688,0.244653987457906,RLS
Tanjung Jabung Timur,0.19271011951450576,0.1909500510742669,0.1724862552665257,0.1937483375679933,0.2501052365767082,RLS
Tapanuli Selatan,0.2036784199131555,0.22593537420242146,0.1832986367622936,0.18168529321586543,0.20540227590626386,Kemiskinan
Tapanuli Tengah,0.1976890731953128,0.22423069140815988,0.1845762375126698,0.2107431041947198,0.18276089368913753,Kemiskinan
Tapanuli Utara,0.19429575622847095,0.2417856104825078,0.1740211591987648,0.19635888963447626,0.19353858445578004,Kemiskinan
Tapin,0.18777321569013924,0.23144913608040898,0.1767199713176434,0.18144568669055877,0.22261199022124945,Kemiskinan
Tasikmalaya,0.19165372635455652,0.2010455327044889,0.18924538988410805,0.1980199866195132,0.22003536443733315,RLS
Tebo,0.213853150413445,0.19710795437514428,0.16548243132108661,0.19427230631796422,0.22928415757235976,RLS
Tegal,0.13411288644177055,0.21252570950195457,0.20211661687888885,0.2241809467212889,0.2270638404560969,RLS
Teluk Bintuni,0.18684993831667213,0.19582723231998816,0.17082000334145142,0.24193033600199826,0.2045724900198899,Pangan Hewani
Teluk Wondama,0.1761340277896259,0.19682759069325917,0.16840806274556075,0.2591915958759238,0.19943872289563025,Pangan Hewani
Temanggung,0.10936280597442537,0.23719007714263413,0.19284653496803011,0.2088582812391564,0.2517423006757538,RLS
Timor Tengah Selatan,0.13306256381607373,0.20038307802266261,0.13567961135383413,0.31156742153850076,0.2193073252689286,Pangan Hewani
Timor Tengah Utara,0.10893952049644,0.20223727160081545,0.14442699156458222,0.32063053777008077,0.22376567856808144,Pangan Hewani
Tojo Una Una,0.1652974124223337,0.2258254855629635,0.18969488596354417,0.20953275344226874,0.20964946260888973,Kemiskinan
Toli Toli,0.1549100883650022,0.22851496598329613,0.1856838202543326,0.21719306794175497,0.21369805745561396,Kemiskinan
Toraja Utara,0.14688683686041115,0.23332437946413329,0.21288519189361263,0.22177162796515074,0.18513196381669197,Kemiskinan
Trenggalek,0.11298107859310637,0.22377632284792184,0.20580453347551705,0.1997733927693427,0.25766467231411183,RLS
Tuban,0.11875159246753413,0.22866151737552892,0.19636517287694158,0.19962808743270333,0.2565936298472919,RLS
Tulang Bawang,0.17758830921594593,0.1830333789920982,0.19726375714989997,0.1938687526599775,0.2482458019820782,RLS
Tulang Bawang Barat,0.17340901203657466,0.17892672994197956,0.20850895073581954,0.19694331632520057,0.24221199096042556,RLS
Tulungagung,0.1351490545765496,0.22019850766671178,0.1881343242304043,0.2076253909990612,0.24889272252727285,RLS
Wajo,0.1599165125588336,0.20944016487603395,0.21512693333887484,0.23134983855058358,0.18416655067567383,Pangan Hewani
Wakatobi,0.13832927764311131,0.2134662984131783,0.15608732590523464,0.26462696199687286,0.22749013604160273,Pangan Hewani
Waropen,0.17743616218026198,0.21556558566201348,0.17672460617474545,0.24625764338709658,0.1840160025958824,Pangan Hewani
Way Kanan,0.1670138881530795,0.19179789328019395,0.20204436108656193,0.20038546263619106,0.23875839484397338,RLS
Wonogiri,0.11829696969830847,0.21964392350845335,0.1905742638476815,0.19817599146749737,0.2733088514780592,RLS
Wonosobo,0.10764333100740901,0.2295754242164817,0.19865630451571717,0.20847056479901965,0.2556543754613724,RLS
