kab_kota,provinsi,stunting,melahirkan_tidak_difaskes,kemiskinan,konsumsi_protein_per_kapita,pangan_hewani,rls,lon,lat,Melahirkan Tidak di Faskes,Kemiskinan,Konsumsi Protein,Pangan Hewani,RLS,faktor_dominan
Simeulue,Aceh,18.4,0.08,17.69,53.1,49.38,9.89,96.08623173507992,2.6128618719394243,0.177909163771324,0.2543243829055265,0.1823709390906372,0.1928861671597916,0.1925093470727204,Kemiskinan
Aceh Singkil,Aceh,23.6,0.18,19.06,61.5,56.59,8.72,97.8450711416352,2.3479856909639154,0.1832248967498753,0.2297533069454974,0.1837806044531608,0.2056170120587434,0.1976241797927227,Kemiskinan
Aceh Selatan,Aceh,28.1,0.04,12.02,57.8,51.63,8.92,97.43645538193392,3.162014322475823,0.1816766598606472,0.2265391527553736,0.1953820644397642,0.1964976851293731,0.1999044378148415,Kemiskinan
Aceh Tenggara,Aceh,22.8,0.16,11.99,62.3,49.52,10.1,97.6975862650565,3.368996786453805,0.1839658385252606,0.2359194492891518,0.1836169837860096,0.1924482253208259,0.2040495030787517,Kemiskinan
Aceh Timur,Aceh,28.0,0.14,13.26,58.7,52.3,8.48,97.62609089939502,4.6305590803259005,0.1917502454357764,0.2487147128759453,0.1722001755080426,0.1817630840200578,0.2055717821601774,Kemiskinan
Aceh Tengah,Aceh,21.6,0.09,14.27,62.1,43.48,10.03,96.8812588942553,4.51995591055065,0.1706539114463596,0.2567927964567496,0.187889293712374,0.195385745068012,0.1892782533165046,Kemiskinan
Aceh Barat,Aceh,20.2,0.0,17.6,63.7,56.09,9.99,96.18088578532738,4.454513742896919,0.1777921238389943,0.2515658026971871,0.1820479514644159,0.1875391591815921,0.2010549628178102,Kemiskinan
Aceh Besar,Aceh,26.8,0.01,13.21,61.5,54.4,10.37,95.51515076080264,5.380157563413453,0.1855103350515903,0.2446323721034292,0.1837193091605077,0.1907133510455661,0.1954246326389064,Kemiskinan
Pidie,Aceh,26.4,0.0,18.59,55.0,43.36,9.04,96.0333848601126,5.053666108073628,0.1824017100210938,0.2563484322347968,0.1735873849591757,0.1848917918495162,0.2027706809354173,Kemiskinan
Bireuen,Aceh,21.8,0.05,12.1,57.6,51.55,9.59,96.60704146541488,5.093843082938084,0.1852500826276797,0.2525542118166645,0.1766719176108815,0.185696737017283,0.1998270509274909,Kemiskinan
Aceh Utara,Aceh,14.9,0.08,16.11,50.9,46.59,9.11,97.18180452464765,5.015804394192149,0.1833846234457844,0.2500040812996112,0.177569757140608,0.1891240945439976,0.1999174435699984,Kemiskinan
Gayo Lues,Aceh,14.8,0.41,18.3,78.0,53.98,8.44,97.3600690802808,3.982731591441018,0.1728529313081737,0.2575669417804039,0.1749227775966221,0.192700112074142,0.201957237240658,Kemiskinan
Aceh Tamiang,Aceh,22.7,0.25,12.17,60.5,53.82,9.3,97.98300459846512,4.224537757444703,0.1881881645424217,0.2443587092375012,0.1799871657770308,0.1857932577632733,0.2016727026797726,Kemiskinan
Nagan Raya,Aceh,24.9,0.07,16.94,91.1,85.75,9.25,96.50769037366469,4.164313984119018,0.18374702932812,0.2454458946165536,0.1862812436422598,0.1809048243132626,0.2036210080998036,Kemiskinan
Aceh Jaya,Aceh,23.3,0.0,12.25,68.6,57.57,9.02,95.6780519211837,4.832514527082648,0.1801449562571069,0.2642265779091903,0.1763758695352622,0.1835758364170411,0.1956767598813993,Kemiskinan
Bener Meriah,Aceh,22.1,0.17,18.18,77.3,62.4,10.13,97.00410824156492,4.770070482451579,0.1826405779586711,0.2407422402343449,0.1875239352586612,0.1995783995058533,0.1895148470424691,Kemiskinan
Pidie Jaya,Aceh,26.6,0.03,18.28,62.3,52.72,9.59,96.21332526545662,5.124764231658529,0.1864237083871812,0.2486820554759444,0.1792096620816608,0.1825215398974414,0.2031630341577718,Kemiskinan
Kota Banda Aceh,Aceh,19.8,0.01,6.95,62.4,55.97,13.1,95.32771386540992,5.55870554716411,0.1871770673035756,0.2432999206895081,0.1797349470869614,0.1844750749200085,0.205312989999946,Kemiskinan
Kota Sabang,Aceh,19.6,0.0,14.58,63.8,52.52,11.22,95.3057189666672,5.837763895828338,0.1940511751859482,0.2496348890467657,0.1853775956312078,0.1804147804451381,0.1905215596909398,Kemiskinan
Kota Langsa,Aceh,11.4,0.26,10.33,59.6,50.83,11.28,97.98059638307292,4.481821686792353,0.1890167799168237,0.2494286830271175,0.1790521534847719,0.1937465339540183,0.1887558496172683,Kemiskinan
Kota Lhokseumawe,Aceh,17.4,0.05,10.44,61.4,60.25,11.31,97.11119759405176,5.16527063738672,0.1848960222246703,0.2369026479341023,0.1911954276969837,0.1919469243354177,0.1950589778088256,Kemiskinan
Kota Subulussalam,Aceh,19.8,0.3,16.38,54.5,41.8,8.43,97.9360159238399,2.730755927641524,0.1826898594635558,0.2288943160959123,0.1937260166363345,0.1974707965910858,0.1972190112131113,Kemiskinan
Mandailing Natal,Sumatera Utara,17.3,0.23,8.69,60.9,36.96,9.11,99.36866501499044,0.7764157780174888,0.2220767166206667,0.1995980007249458,0.1763018198361264,0.2057306450930421,0.1962928177252186,Melahirkan Tidak di Faskes
Tapanuli Selatan,Sumatera Utara,6.3,0.31,6.92,59.3,36.35,9.56,99.2669681482642,1.500669881277071,0.2036784199131555,0.2259353742024214,0.1832986367622936,0.1816852932158654,0.2054022759062638,Kemiskinan
Tapanuli Tengah,Sumatera Utara,24.2,0.24,11.8,60.6,48.54,8.92,98.6536872469304,1.8360245046512,0.1976890731953128,0.2242306914081598,0.1845762375126698,0.2107431041947198,0.1827608936891375,Kemiskinan
Tapanuli Utara,Sumatera Utara,25.7,0.04,8.21,65.4,52.46,10.31,99.06507518073552,2.001214796116423,0.1942957562284709,0.2417856104825078,0.1740211591987648,0.1963588896344762,0.19353858445578,Kemiskinan
Labuhanbatu,Sumatera Utara,18.7,0.03,7.84,64.8,57.09,9.5,100.06160399579628,2.2856700971062605,0.1790104138537443,0.2202572338302685,0.187618302294831,0.2116693326008566,0.2014447174202993,Kemiskinan
Asahan,Sumatera Utara,11.1,0.13,8.12,62.3,56.91,8.85,99.5593748214212,2.8049521927979084,0.1634685943831492,0.2209022555983008,0.1943271122092439,0.2111034346991182,0.2101986031101875,Kemiskinan
Simalungun,Sumatera Utara,19.6,0.15,7.72,59.2,46.93,9.73,99.02156535731616,2.9697261658941803,0.1797000631535987,0.229176101282433,0.1796776237610705,0.2030009482104368,0.2084452635924606,Kemiskinan
Dairi,Sumatera Utara,23.5,0.04,7.1,62.9,46.12,9.89,98.27919932850378,2.840526155128331,0.187318600270598,0.240064491492886,0.1754895148977083,0.1990017129735118,0.1981256803652955,Kemiskinan
Nias Selatan,Sumatera Utara,23.1,0.75,16.32,58.7,39.61,6.52,98.09888105219748,0.3293434586992473,0.1991246255820576,0.2066517715307254,0.1805139625565801,0.2072777606951616,0.2064318796354749,Pangan Hewani
Humbang Hasundutan,Sumatera Utara,15.7,0.13,8.44,70.2,53.4,10.13,98.57771169129884,2.26117445834988,0.1810405303544318,0.2256611895093746,0.1980792990158762,0.1981560310967725,0.1970629500235445,Kemiskinan
Pakpak Bharat,Sumatera Utara,23.1,0.03,6.87,63.5,45.0,9.73,98.24305602925035,2.54942635808308,0.1949862594788753,0.2137762833288515,0.1843200201183965,0.2101112144499091,0.1968062226239672,Kemiskinan
Samosir,Sumatera Utara,23.4,0.0,11.63,78.4,67.73,9.61,98.72895855493812,2.562295201690942,0.2017101989595204,0.2232945191513515,0.1745170752887865,0.1927030737483085,0.2077751328520327,Kemiskinan
Serdang Bedagai,Sumatera Utara,15.5,0.04,6.97,58.8,48.55,9.12,99.05770987285229,3.3662863650385537,0.180255565963625,0.2187478092409751,0.1822050901434105,0.1966559434900386,0.2221355911619505,RLS
Nias Barat,Sumatera Utara,25.4,0.25,22.68,53.4,31.48,7.26,97.49119252818018,1.0306850514780743,0.1837964166602306,0.2280368259086903,0.1889463556683146,0.2000133696152982,0.1992070321474658,Kemiskinan
Kota Tanjung Balai,Sumatera Utara,3.9,0.06,11.97,66.5,64.89,9.69,99.79472509990624,2.9639964568332187,0.1770871577803191,0.2291551617511346,0.1784081106130721,0.1980510396930208,0.2172985301624531,Kemiskinan
Kota Pematangsiantar,Sumatera Utara,10.9,0.03,7.2,62.0,54.04,11.82,99.05903398598774,2.961418746255022,0.1902672586411373,0.2367250968196468,0.1830039711429218,0.213229617721966,0.1767740556743278,Kemiskinan
Kota Binjai,Sumatera Utara,22.3,0.04,4.75,62.8,56.71,11.2,98.48921963359176,3.600228873478468,0.1761704332740381,0.2404715190608578,0.1790191540593553,0.2003422508272626,0.2039966427784859,Kemiskinan
Kota Padang Sidempuan,Sumatera Utara,24.4,0.02,6.23,64.8,57.09,11.13,99.2856936904632,1.3908160534371616,0.2054781876994341,0.2066253342781808,0.172773839889412,0.2112363700039012,0.2038862681290716,Pangan Hewani
Kota Gunungsitoli,Sumatera Utara,13.8,0.07,14.72,53.3,46.96,8.76,97.5866835531846,1.268531749186064,0.1741055171592229,0.2531258450797346,0.1772107835813071,0.203254957714303,0.1923028964654321,Kemiskinan
Kepulauan Mentawai,Sumatera Barat,20.4,0.56,13.89,53.3,56.55,8.03,99.33687918467982,-1.8495152395285297,0.1910519105635091,0.200290599812722,0.1796438011886245,0.2064277792383116,0.2225859091968324,RLS
Pesisir Selatan,Sumatera Barat,21.6,0.06,7.49,57.0,45.57,8.81,100.87929042928602,-1.738398075424035,0.1836734557124931,0.2002349508676502,0.1800210078564811,0.2097111595113181,0.2263594260520572,RLS
Solok,Sumatera Barat,23.4,0.06,7.31,58.6,38.34,7.91,100.8412914218063,-0.983585062642832,0.1811838931158584,0.193022145803068,0.1822750036744397,0.2181324199088156,0.2253865374978179,RLS
Sijunjung,Sumatera Barat,22.2,0.16,5.78,55.0,35.91,8.62,101.09615312578576,-0.6905206787200463,0.1860328814119283,0.1892903726965101,0.1687185710570977,0.2223564497373459,0.2336017250971176,RLS
Tanah Datar,Sumatera Barat,22.4,0.03,4.28,56.6,41.84,9.29,100.58406102876712,-0.4676503440144352,0.180369084413481,0.1960484360864238,0.1874405344110381,0.2151328952499445,0.2210090498391121,RLS
Padang Pariaman,Sumatera Barat,20.5,0.06,6.27,52.7,37.68,8.42,100.22793398328793,-0.565000755261365,0.1870577374256218,0.2005043338795855,0.1812330371651054,0.2108946817622467,0.2203102097674403,RLS
Agam,Sumatera Barat,21.9,0.06,6.83,54.6,41.15,9.23,100.17088369837106,-0.2518805753854801,0.1869664268223293,0.206217235563689,0.1692344110280772,0.2138516318055054,0.2237302947803987,RLS
Lima Puluh Kota,Sumatera Barat,19.4,0.1,6.92,63.0,45.91,8.13,100.56965874033546,0.0203453398326862,0.1937156503142068,0.1900862938152923,0.1832259232860673,0.2126993607613446,0.2202727718230887,RLS
Pasaman,Sumatera Barat,24.2,0.17,6.74,59.8,38.31,8.14,100.08721913575232,0.3926289699086092,0.1929291899032203,0.2054939089876011,0.173596179528144,0.2113501464055053,0.2166305751755289,RLS
Dharmasraya,Sumatera Barat,16.5,0.05,5.32,58.6,45.21,8.98,101.55722339265304,-1.1312499346148688,0.1858847572129393,0.1868346041233954,0.172649694646774,0.226937788422655,0.2276931555942359,RLS
Pasaman Barat,Sumatera Barat,20.6,0.06,7.0,59.8,44.12,8.99,99.68550152863948,0.2034536786859745,0.1963444664917104,0.1976554726343382,0.1774394726789479,0.2090742045313313,0.2194863836636718,RLS
Kota Padang,Sumatera Barat,17.3,0.0,4.06,58.0,48.88,11.63,100.4376435366869,-0.8988752467056614,0.1866458901649508,0.1895156745694163,0.1752580474017436,0.2213340844816654,0.2272463033822236,RLS
Kota Solok,Sumatera Barat,14.4,0.0,3.07,58.1,46.37,11.37,100.62986592969956,-0.7828671354532273,0.1822803943946768,0.1933187577099555,0.1745029859832473,0.2229616911217399,0.2269361707903802,RLS
Kota Sawahlunto,Sumatera Barat,17.1,0.02,2.33,60.6,49.8,10.53,100.75440604263918,-0.652699075452828,0.1873726431253879,0.1847650856501713,0.1779791965746203,0.2197466251087904,0.2301364495410297,RLS
Kota Padang Panjang,Sumatera Barat,16.7,0.0,5.31,57.5,48.3,12.0,100.40229565866974,-0.4724543912639219,0.188183340185966,0.1999080610391007,0.1778842981415907,0.2108770893935061,0.2231472112398361,RLS
Kota Bukittinggi,Sumatera Barat,13.2,0.0,4.08,59.4,47.4,11.65,100.3725370356198,-0.299583414080955,0.1960236416178752,0.2062617128763997,0.1812672024900797,0.2035622839310011,0.212885159084644,RLS
Kota Payakumbuh,Sumatera Barat,14.3,0.0,5.19,59.8,46.1,10.89,100.63211796302733,-0.2269854167178533,0.1876019191516753,0.2131366543767488,0.165370972326378,0.2112764914500062,0.2226139626951913,RLS
Kota Pariaman,Sumatera Barat,13.6,0.0,4.26,58.9,47.61,11.06,100.13810080548754,-0.6085971648536129,0.1806555867987249,0.2031156772968691,0.17924006003169,0.2241216735831309,0.2128670022895847,Pangan Hewani
Kuantan Singingi,Riau,19.9,0.09,7.89,59.5,56.44,9.14,101.50591953451116,-0.4741799222254722,0.1791919329320506,0.1868351573119521,0.183865003047604,0.2319280965915086,0.2181798101168843,Pangan Hewani
Indragiri Hulu,Riau,15.0,0.19,6.02,55.2,49.75,8.43,102.3318831542071,-0.5414479595717919,0.2119857467688264,0.1966428038275283,0.1760274213710603,0.1883400206084152,0.2270040074241695,RLS
Siak,Riau,14.6,0.16,5.08,62.7,60.35,9.92,101.87542205041912,0.8170253200627076,0.1774255659185731,0.1937305581511029,0.1790945697422227,0.2310064365180496,0.2187428696700513,Pangan Hewani
Rokan Hulu,Riau,14.7,0.08,9.62,62.0,51.54,8.94,100.50535645751904,0.9430558662205,0.1874155607170716,0.2005261682474564,0.1772970781975251,0.2064093492645417,0.2283518435734048,RLS
Bengkalis,Riau,9.9,0.06,6.36,64.9,64.31,9.74,101.64286612657143,1.4119566739621554,0.1794578792090602,0.1944969866316557,0.1783409438159858,0.2254397890154381,0.2222644013278599,Pangan Hewani
Rokan Hilir,Riau,19.2,0.15,7.01,58.9,56.32,8.53,100.74918434711132,1.77318968838815,0.189011419113119,0.2177480196971519,0.1801768378004007,0.204068471074059,0.2089952523152691,Kemiskinan
Kepulauan Meranti,Riau,15.6,0.26,23.15,56.7,51.57,8.12,102.64933201558198,1.0032717318560629,0.1578202461043002,0.1818172140435409,0.1876423760725921,0.2329960924297465,0.23972407134982,RLS
Kota Pekanbaru,Riau,11.1,0.02,3.15,59.0,58.32,11.96,101.4657262780803,0.5512775994523211,0.1677597502985032,0.1926368135711475,0.1912604295951384,0.2281954650829427,0.2201475414522679,Pangan Hewani
Kota Dumai,Riau,13.6,0.0,3.14,62.3,61.57,10.29,101.28227319164158,1.8207901123382164,0.1788682807954172,0.1949588536185771,0.1878403553079508,0.219813754213912,0.2185187560641424,Pangan Hewani
Merangin,Jambi,7.2,0.34,8.4,55.9,41.01,8.4,102.06831905388236,-2.19318167636222,0.2022450344503581,0.1886329730799044,0.1916794842015839,0.1964440620515523,0.2209984462166009,RLS
Sarolangun,Jambi,4.4,0.23,8.36,53.3,41.36,8.35,102.67252176547136,-2.3063075393735275,0.1928353213456666,0.1963291694518195,0.1739934151430512,0.2077396339187319,0.2291024601407304,RLS
Tanjung Jabung Timur,Jambi,20.3,0.4,10.14,64.1,57.2,7.7,103.96530239024888,-1.2253869536493227,0.1927101195145057,0.1909500510742669,0.1724862552665257,0.1937483375679933,0.2501052365767082,RLS
Tanjung Jabung Barat,Jambi,5.1,0.43,9.54,58.6,50.97,8.32,103.11457009597768,-1.0713053365668728,0.1797858439542704,0.2041986592687553,0.1752485548914412,0.1961129544276268,0.244653987457906,RLS
Tebo,Jambi,14.9,0.21,6.12,55.6,41.56,8.04,102.3643071677086,-1.3075952739303214,0.213853150413445,0.1971079543751442,0.1654824313210866,0.1942723063179642,0.2292841575723597,RLS
Kota Jambi,Jambi,8.6,0.07,7.73,60.4,54.58,11.51,103.599789010878,-1.6181782927920334,0.2040095512964722,0.2001080343680244,0.1867565823413512,0.1773100592135867,0.2318157727805651,RLS
Kota Sungai Penuh,Jambi,6.4,0.03,2.92,56.0,44.32,10.48,101.33925723009024,-2.1132934877003926,0.2072121777804864,0.207993350614786,0.1645936184711208,0.1929328366026084,0.2272680165309981,RLS
Ogan Komering Ulu,Sumatera Selatan,19.2,0.2,10.68,56.7,44.44,8.86,104.10519055694236,-4.093787439480343,0.1660873239727383,0.1759475229955027,0.2272972732476137,0.1904658092120773,0.2402020705720677,RLS
Ogan Komering Ilir,Sumatera Selatan,17.6,0.2,12.08,65.6,53.24,7.19,105.39727665882526,-3.3639733092906265,0.1836621356160504,0.1834443165452839,0.2048575521797354,0.1862328124891875,0.2418031831697425,RLS
Muara Enim,Sumatera Selatan,16.6,0.3,9.79,65.6,50.19,8.27,103.99660856241196,-3.6367760920266345,0.1852949511814098,0.1941005426627177,0.2015205394018412,0.1782060950743717,0.2408778716796593,RLS
Lahat,Sumatera Selatan,10.6,0.22,14.14,67.6,50.05,8.69,103.37893492918808,-3.828883921839676,0.1730099511605907,0.192218537510529,0.2237259127859338,0.1946003666824843,0.2164452318604618,Konsumsi Protein
Musi Rawas,Sumatera Selatan,15.3,0.24,13.44,67.6,48.29,7.57,103.13655955538792,-3.1654443276277697,0.1775995393350863,0.2034433851225734,0.1982740449497708,0.1947278203152444,0.2259552102773249,RLS
Ogan Komering Ulu Selatan,Sumatera Selatan,12.4,0.45,9.86,57.7,38.83,8.25,103.9101681896806,-4.5889970756139205,0.175926559999085,0.1804928957429902,0.2089617704921581,0.2026476397776846,0.2319711339880817,RLS
Ogan Ilir,Sumatera Selatan,20.7,0.19,12.3,64.8,53.93,8.09,104.60529941563996,-3.415351604471873,0.1813351978754598,0.176422488857721,0.2185848278904199,0.1738232987412718,0.2498341866351272,RLS
Empat Lawang,Sumatera Selatan,21.6,0.3,10.78,64.5,39.51,7.68,102.94799554834594,-3.751525101264096,0.1880695279154335,0.18876995668788,0.2070192325493159,0.1875832892587285,0.2285579935886418,RLS
Penukal Abab Lematang Ilir,Sumatera Selatan,17.4,0.44,9.82,60.8,45.55,7.27,103.99497128388084,-3.2009900075331927,0.1820642956059557,0.1858925131298872,0.2154999064778142,0.1836064691598612,0.2329368156264813,RLS
Kota Palembang,Sumatera Selatan,7.8,0.01,9.77,69.1,66.91,10.93,104.74131954001174,-2.9717221928879494,0.1747291693548376,0.1898776114990567,0.2171698492393054,0.1831979231578491,0.2350254467489508,RLS
Kota Prabumulih,Sumatera Selatan,9.3,0.0,10.13,58.0,55.7,10.36,104.2288760240016,-3.4479665768595744,0.1627183353434226,0.1886602213425878,0.2280282597901174,0.184931984288975,0.2356611992348968,RLS
Kota Lubuk Linggau,Sumatera Selatan,15.7,0.02,11.14,65.2,50.85,9.94,102.8751101548901,-3.2630065712596545,0.1790026013487387,0.199617139874548,0.1784436355274499,0.2200445669680041,0.2228920562812588,RLS
Rejang Lebong,Bengkulu,20.2,0.05,14.65,59.1,37.28,8.81,102.7020487229849,-3.4304620789274947,0.2018389204924776,0.2019877740301376,0.185423699853369,0.1909103412089872,0.2198392644150282,RLS
Bengkulu Utara,Bengkulu,16.8,0.04,10.96,60.7,41.45,8.32,102.00196073674655,-3.419615911114122,0.186311606378116,0.1916367888109652,0.1822655809354917,0.2000361229227053,0.2397499009527215,RLS
Kaur,Bengkulu,12.2,0.09,17.12,57.6,43.45,8.47,103.41234541714698,-4.611188533270435,0.1788488930425465,0.1924336926986629,0.2004299745592677,0.1879343905089294,0.2403530491905932,RLS
Seluma,Bengkulu,17.7,0.12,17.23,60.7,45.0,8.14,102.65952586985642,-4.052034282749637,0.1723529152047984,0.1844597720131201,0.2087361494899839,0.2011116965571595,0.2333394667349377,RLS
Muko Muko,Bengkulu,18.6,0.02,10.76,58.5,48.25,8.57,101.48191301901014,-2.690361180363659,0.1938312675036252,0.2063594148277985,0.1806806263215471,0.1971290017730335,0.2219996895739955,RLS
Lebong,Bengkulu,16.7,0.09,10.45,61.2,40.75,8.41,102.24783610146106,-3.0900439716175567,0.1961596430093687,0.2049927060493865,0.1837094015823567,0.1896927962598491,0.2254454530990386,RLS
Bengkulu Tengah,Bengkulu,18.7,0.11,10.14,64.7,49.38,7.71,102.40435981019417,-3.685234597048703,0.1892162482286211,0.1889472493108846,0.1859172025063279,0.1992847992149828,0.2366345007391831,RLS
Kota Bengkulu,Bengkulu,13.8,0.0,13.76,59.9,53.41,11.84,102.30815803599496,-3.841402551286509,0.1871683726539205,0.1952142084504495,0.1927259576117985,0.1911940481082942,0.233697413175537,RLS
Lampung Barat,Lampung,17.3,0.05,10.68,60.5,35.73,8.56,104.25298334672524,-5.050595844119396,0.1683408758515167,0.1747170055569872,0.2049790138515881,0.2048405150803389,0.2471225896595689,RLS
Tanggamus,Lampung,19.0,0.07,10.28,58.5,39.37,7.38,104.67408762554209,-5.4281713641835525,0.1539656436848852,0.1673098446017929,0.2056798823754962,0.2023340587420782,0.2707105705957471,RLS
Lampung Selatan,Lampung,8.8,0.05,12.57,57.3,43.83,7.78,105.50124229208596,-5.530026220943956,0.1655978275959213,0.1825099922677086,0.1966528889649232,0.2020269698445491,0.2532123213268976,RLS
Lampung Timur,Lampung,11.9,0.01,13.19,56.7,38.82,8.2,105.64898832381596,-5.131438109272374,0.1715715029779715,0.1730217279102085,0.1892603888776412,0.203792630922521,0.2623537493116574,RLS
Lampung Tengah,Lampung,12.4,0.03,10.37,60.4,43.3,7.97,105.27201334072532,-4.8563893197053565,0.1670249354148541,0.1758634407014351,0.1971668193707096,0.2115225816885489,0.248422222824452,RLS
Lampung Utara,Lampung,15.2,0.09,16.92,53.9,37.16,8.38,104.8073640076546,-4.796821442620237,0.1640517625629948,0.1842209963947703,0.2029991484600237,0.2042374048873309,0.24449068769488,RLS
Way Kanan,Lampung,11.6,0.19,10.43,58.8,41.82,7.75,104.60613748828004,-4.51434792904712,0.1670138881530795,0.1917978932801939,0.2020443610865619,0.200385462636191,0.2387583948439733,RLS
Tulang Bawang,Lampung,16.4,0.07,7.88,57.3,44.74,7.65,105.52759448738615,-4.373196403793055,0.1775883092159459,0.1830333789920982,0.1972637571498999,0.1938687526599775,0.2482458019820782,RLS
Pesawaran,Lampung,14.0,0.16,11.86,62.0,41.7,8.0,105.11519506395965,-5.473553160055203,0.172814848544801,0.1770406560744014,0.1886713645032031,0.2112635105854577,0.2502096202921365,RLS
Pringsewu,Lampung,16.5,0.0,8.32,57.1,36.28,8.53,104.93340741523288,-5.33638123798422,0.1820220291417241,0.1621411669742732,0.201164011740647,0.1990442807650855,0.2556285113782699,RLS
Mesuji,Lampung,8.9,0.04,6.31,58.5,40.54,7.21,105.37837502826848,-4.024863449758931,0.1695936843847867,0.1780834446636968,0.2040347577450981,0.1932706073417339,0.2550175058646842,RLS
Tulang Bawang Barat,Lampung,11.7,0.07,7.22,54.1,35.39,7.8,105.08744018531031,-4.425748330961722,0.1734090120365746,0.1789267299419795,0.2085089507358195,0.1969433163252005,0.2422119909604255,RLS
Pesisir Barat,Lampung,16.2,0.21,12.64,63.4,41.28,8.73,104.16296469976132,-5.335740554327841,0.1640994512893769,0.1817622336647582,0.2001058290816957,0.2194622936401709,0.2345701923239979,RLS
Kota Bandar Lampung,Lampung,12.0,0.0,7.37,57.2,48.08,10.99,105.2621322997849,-5.414200447552318,0.1751731787455657,0.1750376644743796,0.187829302639071,0.2075878111912411,0.2543720429497424,RLS
Kota Metro,Lampung,12.2,0.0,6.78,57.1,47.91,11.01,105.3079579647036,-5.117297361426031,0.1883082640980088,0.168885234354681,0.1930540383561188,0.1933118707627975,0.2564405924283936,RLS
Bangka,Kepulauan Bangka Belitung,17.8,0.04,4.24,66.0,66.27,8.45,105.91963484768858,-1.9043145505946093,0.1722807126585744,0.1741196837273953,0.2295163128038349,0.1868600601901211,0.237223230620074,RLS
Belitung,Kepulauan Bangka Belitung,16.3,0.02,6.11,62.0,67.8,9.05,107.7101750394079,-2.8676408891793934,0.2170664519037735,0.1991205353032086,0.1697679690069445,0.1821513368353708,0.2318937069507022,RLS
Bangka Barat,Kepulauan Bangka Belitung,16.4,0.03,2.59,66.0,63.97,7.48,105.48762624099888,-1.8892304942076965,0.1845169523629424,0.1793356786558564,0.2291030733523258,0.1886990069271764,0.2183452887016986,Konsumsi Protein
Bangka Tengah,Kepulauan Bangka Belitung,17.6,0.06,5.94,65.0,62.54,7.24,106.23392811153126,-2.4324448183357688,0.1784926253253042,0.1709777205792021,0.2174071940583782,0.1859040086130997,0.2472184514240156,RLS
Bangka Selatan,Kepulauan Bangka Belitung,19.6,0.09,3.74,65.7,62.69,6.93,106.34916473492602,-2.77863394500345,0.1756922079025275,0.1686312031726015,0.2179062571197218,0.1909467488095781,0.2468235829955709,RLS
Belitung Timur,Kepulauan Bangka Belitung,13.4,0.0,6.36,65.9,69.79,8.99,108.04817783593732,-2.9084931277034687,0.1890308298707887,0.1956399388715909,0.1959282939663253,0.1958211600857004,0.2235797772055943,RLS
Kota Pangkal Pinang,Kepulauan Bangka Belitung,14.4,0.0,4.04,68.7,73.12,10.67,106.11321039809803,-2.1105136529568846,0.1719236304378986,0.186315705807411,0.2235481501210924,0.1832908093703451,0.2349217042632526,RLS
Karimun,Kepulauan Riau,18.2,0.17,5.78,61.3,62.23,8.91,103.53107182041836,0.8255405522009691,0.1850566451654056,0.173721319869865,0.1850764433182604,0.2167527725929899,0.2393928190534788,RLS
Natuna,Kepulauan Riau,15.5,0.14,5.04,65.2,75.14,9.2,108.26025907018662,3.7823942930964063,0.161965486980183,0.1507602575997884,0.1883414977324661,0.2450663868311499,0.2538663708564124,RLS
Lingga,Kepulauan Riau,14.7,0.18,9.99,64.2,71.64,7.6,104.52694669143484,-0.2218432946369491,0.1848197328088012,0.1936754245909383,0.1790234509797705,0.1831236266646946,0.259357764955795,RLS
Kepulauan Anambas,Kepulauan Riau,13.2,0.15,6.67,58.7,73.62,7.53,106.06457800816234,3.0876833603004323,0.1929280312290959,0.1484220235626126,0.1822238523905524,0.205823602862892,0.2706024899548467,RLS
Kota Batam,Kepulauan Riau,11.7,0.0,4.85,68.3,66.52,11.21,104.0635540220552,0.963010513252286,0.2038509114652864,0.1825039665973095,0.1853540211258843,0.1921495999204027,0.2361415008911168,RLS
Kota Tanjung Pinang,Kepulauan Riau,10.2,0.0,6.86,70.2,68.81,10.67,104.48706418394715,0.919582046601681,0.2047461540676506,0.1774620486971575,0.1874812663928319,0.1895452429567862,0.2407652878855734,RLS
Kota Adm. Jakarta Selatan,DKI Jakarta,12.3,0.0,3.03,69.6,59.9,11.95,106.810040030801,-6.272609076389855,0.1638361323480644,0.1810244526038222,0.1859625166968827,0.2162935323068296,0.2528833660444008,RLS
Kota Adm. Jakarta Timur,DKI Jakarta,13.0,0.0,4.09,67.6,61.26,11.99,106.90068939916,-6.254975892202364,0.1625951554928984,0.1762767743793173,0.189516759954735,0.2130186324631905,0.2585926777098585,RLS
Kota Adm. Jakarta Pusat,DKI Jakarta,16.8,0.0,4.63,66.8,53.84,11.61,106.83512425964672,-6.181201122381781,0.1798912720639447,0.1679641605009404,0.1853368771733442,0.2087098436600329,0.2580978466017376,RLS
Kota Adm. Jakarta Barat,DKI Jakarta,13.4,0.0,3.94,65.1,54.07,11.24,106.7483011685529,-6.165335178568248,0.1910771934472975,0.1736990144464136,0.1808409437619932,0.2055527751814151,0.2488300731628802,RLS
Kota Adm. Jakarta Utara,DKI Jakarta,14.4,0.0,6.44,72.5,59.93,10.85,106.8666152669384,-6.127184420072783,0.1782069425458366,0.1741293390409642,0.1936040167654706,0.2072604578943057,0.2467992437534226,RLS
Sukabumi,Jawa Barat,16.0,0.18,6.87,64.6,40.29,7.34,106.70756022014524,-7.076433849183366,0.1945090642056212,0.1781457861082442,0.1732931662702952,0.1833694719145737,0.2706825115012654,RLS
Cianjur,Jawa Barat,6.5,0.27,10.14,64.2,39.62,7.33,107.15920943754904,-7.131087583913166,0.1805784810559889,0.1753373076025831,0.201892122193727,0.2118413153195039,0.2303507738281966,RLS
Bandung,Jawa Barat,19.0,0.04,6.19,55.7,36.1,9.15,107.60871481949384,-7.097622047167347,0.1957290610073253,0.1897264490036213,0.1902096711421478,0.2097763288594047,0.2145584899875004,RLS
Garut,Jawa Barat,10.5,0.27,9.68,59.5,34.99,7.85,107.78790783567622,-7.359562537820102,0.1696579559142046,0.1810123533958007,0.2013197666566707,0.2174099231399288,0.2306000008933948,RLS
Tasikmalaya,Jawa Barat,13.8,0.31,10.23,58.6,35.97,7.97,108.1415719198172,-7.496843981150498,0.1916537263545565,0.2010455327044889,0.189245389884108,0.1980199866195132,0.2200353644373331,RLS
Kuningan,Jawa Barat,17.1,0.12,11.88,57.6,33.41,7.9,108.55981852502002,-7.003404887424064,0.1774735821869824,0.2021279579524678,0.1866319609750282,0.1959258560587183,0.237840642826803,RLS
Majalengka,Jawa Barat,15.2,0.05,10.82,62.0,35.03,7.53,108.2572029526607,-6.815146795674016,0.18136124837924,0.1946278755382268,0.1945572674944219,0.2190211181645173,0.2104324904235936,Pangan Hewani
Sumedang,Jawa Barat,15.1,0.0,9.1,62.6,36.48,8.74,107.98127564190462,-6.824779401387033,0.1839267586490335,0.1771730855555748,0.203871575497658,0.2088335618356264,0.226195018462107,RLS
Indramayu,Jawa Barat,7.2,0.03,11.93,74.6,47.66,6.95,108.16902462080282,-6.447514365284484,0.1831588200150259,0.1980555173640384,0.1827254704916577,0.2058187820440707,0.2302414100852071,RLS
Subang,Jawa Barat,10.7,0.09,9.49,63.0,41.35,7.46,107.73182889631124,-6.484718768387501,0.1870471743157209,0.1836758519063489,0.2052286993573967,0.2132940964103272,0.210754178010206,Pangan Hewani
Purwakarta,Jawa Barat,10.5,0.36,8.41,61.1,37.24,8.14,107.43077631267826,-6.595278211047097,0.1837186959686824,0.1904788426327042,0.2012852121141504,0.211135103316283,0.2133821459681797,RLS
Karawang,Jawa Barat,14.4,0.1,7.86,66.5,41.74,8.05,107.35429605026344,-6.252353489098488,0.1820093032137312,0.1780796571687289,0.1887488022081764,0.207449074645294,0.2437131627640691,RLS
Bandung Barat,Jawa Barat,22.5,0.17,10.49,56.5,36.83,8.24,107.41497037809997,-6.890473576902961,0.1900895715715836,0.1864856517324203,0.1945438781966564,0.2110409096135916,0.2178399888857478,RLS
Pangandaran,Jawa Barat,13.8,0.08,8.75,68.5,44.17,8.1,108.51858285135356,-7.635665477729809,0.1776104527605928,0.1978330078341671,0.186310261264727,0.212473650813557,0.2257726273269557,RLS
Kota Bogor,Jawa Barat,18.1,0.07,6.53,56.0,39.82,10.71,106.79935742823352,-6.593494349655368,0.1646093995916328,0.1877302771416006,0.1844806045301173,0.215146711253593,0.2480330074830559,RLS
Kota Bandung,Jawa Barat,18.9,0.01,3.87,60.4,44.83,11.07,107.63660129164305,-6.919243848663767,0.1890296904233646,0.1896313333047613,0.1958917889050002,0.2155137629044083,0.2099334244624654,Pangan Hewani
Kota Cirebon,Jawa Barat,11.2,0.11,9.02,60.1,38.37,10.53,108.55330547429394,-6.741720482504672,0.1764701302642749,0.1804065711454925,0.2066171322512292,0.2197500369988931,0.21675612934011,Pangan Hewani
Kota Bekasi,Jawa Barat,9.2,0.02,4.01,68.7,57.47,11.79,106.97536482879472,-6.280841206488917,0.1631938970454906,0.1849622889541761,0.1868446714288675,0.2154355600337723,0.2495635825376932,RLS
Kota Depok,Jawa Barat,10.8,0.0,2.34,63.9,53.93,11.59,106.81683701493682,-6.396206601775873,0.1593000333036238,0.1847823757645325,0.2011265174958978,0.2204959249612825,0.2342951484746631,RLS
Kota Cimahi,Jawa Barat,18.6,0.0,4.39,60.3,46.4,11.52,107.54289589716412,-6.886320669202166,0.1818517181754014,0.1869347772566636,0.1898547256474949,0.2195447455720986,0.2218140333483413,RLS
Kota Tasikmalaya,Jawa Barat,17.2,0.04,11.1,70.7,41.89,9.63,108.2191232791145,-7.360532221887049,0.1856158907422654,0.1911951769816552,0.2024268633797504,0.2070905939218531,0.2136714749744755,RLS
Kota Banjar,Jawa Barat,16.3,0.0,5.85,72.0,44.81,8.83,108.56720422021196,-7.376990261576488,0.1601481502567673,0.2077085578526382,0.1936412291145396,0.2074975248950747,0.2310045378809798,RLS
Cilacap,Jawa Tengah,13.4,0.05,10.68,53.9,30.9,7.4,108.88988880495263,-7.4890247891386785,0.1647573146285421,0.2068051471213997,0.1935104599181994,0.205826873939519,0.2291002043923393,RLS
Banyumas,Jawa Tengah,16.9,0.0,11.95,59.0,33.42,7.91,109.1757981645107,-7.455537569167973,0.1511126687148634,0.2293625398278756,0.1869517622675009,0.2083205006654024,0.2242525285243574,Kemiskinan
Purbalingga,Jawa Tengah,19.5,0.01,14.18,55.3,28.53,7.36,109.40720551627332,-7.323247798887129,0.1346959220182785,0.2182560315210396,0.1974265844759822,0.2189572272303898,0.2306642347543095,RLS
Banjarnegara,Jawa Tengah,17.7,0.0,14.71,58.5,35.02,6.87,109.65703624623931,-7.351360606643116,0.1147183372412315,0.2322467717177756,0.1987286495804406,0.2119941877504831,0.2423120537100687,RLS
Kebumen,Jawa Tengah,15.8,0.05,15.71,59.2,32.7,7.87,109.61735609824662,-7.654989384783676,0.1113128536709929,0.2344452705676663,0.1869188115571914,0.2126834375194473,0.2546396266847017,RLS
Purworejo,Jawa Tengah,12.5,0.01,10.87,55.1,31.22,8.65,109.96612653977344,-7.7004079184761505,0.1046820737168013,0.2397461605219805,0.1977102518111124,0.2108095774631985,0.247051936486907,RLS
Wonosobo,Jawa Tengah,20.9,0.0,15.28,61.5,34.41,6.9,109.90735180500336,-7.416333553212304,0.107643331007409,0.2295754242164817,0.1986563045157171,0.2084705647990196,0.2556543754613724,RLS
Klaten,Jawa Tengah,18.0,0.0,12.04,55.1,35.15,9.29,110.61945331067204,-7.685830745365976,0.1046363532833515,0.2291201741567129,0.1944387517189135,0.2094081681482057,0.2623965526928161,RLS
Sukoharjo,Jawa Tengah,14.6,0.0,7.47,53.5,32.61,10.01,110.83483711036972,-7.680860488151314,0.1220355619411446,0.223170546321931,0.2009014270793269,0.1980922531785885,0.2558002114790086,RLS
Wonogiri,Jawa Tengah,12.7,0.06,10.71,57.8,34.06,7.68,110.99919480768588,-7.9193295657589085,0.1182969696983084,0.2196439235084533,0.1905742638476815,0.1981759914674973,0.2733088514780592,RLS
Sragen,Jawa Tengah,13.8,0.05,12.41,60.9,40.43,7.88,110.97414524103236,-7.385353425615331,0.1148607167615888,0.2082587680897963,0.2009765451002596,0.1999351244003112,0.2759688456480437,RLS
Grobogan,Jawa Tengah,20.8,0.03,11.43,62.1,34.34,7.29,110.92717974133718,-7.117657273655366,0.1024623363286212,0.2209552395954901,0.1975865453353891,0.2010219413191185,0.2779739374213806,RLS
Blora,Jawa Tengah,18.6,0.02,11.42,58.9,29.67,7.26,111.38743859788924,-7.074486341348664,0.1110612375037935,0.2241389702000006,0.2111493767599938,0.1915545456626814,0.2620958698735303,RLS
Rembang,Jawa Tengah,13.1,0.0,14.02,66.1,41.26,7.73,111.46151893903306,-6.775146217929815,0.1099892107552025,0.2203966715203607,0.199582104102666,0.2079421593065179,0.2620898543152525,RLS
Pati,Jawa Tengah,14.1,0.0,9.17,64.3,46.64,7.82,111.04228325657398,-6.74338987548177,0.11158766293791,0.2005561200999298,0.1878936931169771,0.2141625085978758,0.2858000152473071,RLS
Demak,Jawa Tengah,8.9,0.01,11.89,59.5,41.82,8.28,110.63399965361408,-6.910803353419228,0.0945021944403698,0.2193612278575968,0.2036001556429545,0.2131247813023854,0.2694116407566932,RLS
Temanggung,Jawa Tengah,22.0,0.0,8.67,53.8,31.67,7.53,110.13630652023456,-7.257714832910397,0.1093628059744253,0.2371900771426341,0.1928465349680301,0.2088582812391564,0.2517423006757538,RLS
Kendal,Jawa Tengah,16.0,0.0,9.35,63.0,40.8,7.74,110.15733776787089,-7.038718780426617,0.0937749505681772,0.2154927257420239,0.2153265944659273,0.2075823934729898,0.2678233357508814,RLS
Batang,Jawa Tengah,16.8,0.01,8.73,71.9,41.64,7.08,109.8615943275631,-7.021021538275435,0.1096794284099249,0.2197310898618628,0.2079000886291387,0.2252256764006979,0.2374637166983754,RLS
Pekalongan,Jawa Tengah,16.5,0.0,8.95,66.6,37.91,7.48,109.6205018635382,-7.057032028158278,0.1210135506009751,0.2177586833105763,0.2128188730440902,0.2173635063857896,0.2310453866585683,RLS
Pemalang,Jawa Tengah,15.4,0.05,14.92,66.5,33.58,6.56,109.39515996856666,-7.036848556871839,0.1444536962733466,0.2232402124017098,0.1934379346621545,0.2122396549056665,0.2266285017571224,RLS
Tegal,Jawa Tengah,12.5,0.04,6.81,56.2,26.21,7.36,109.1585076625251,-7.028805332104993,0.1341128864417705,0.2125257095019545,0.2021166168788888,0.2241809467212889,0.2270638404560969,RLS
Brebes,Jawa Tengah,20.1,0.04,15.6,59.5,28.16,6.41,108.9295305631962,-7.0628446739167146,0.1506696469839578,0.2140340749719166,0.2040778158412028,0.2024346621114142,0.2287838000915081,RLS
Kota Magelang,Jawa Tengah,12.5,0.0,5.94,50.4,33.64,11.43,110.22011135850184,-7.476555709194621,0.1014097537620094,0.2113502655589955,0.2089652314966243,0.212843769507311,0.2654309796750594,RLS
Kota Surakarta,Jawa Tengah,12.1,0.0,8.31,57.2,40.3,11.25,110.82314485195144,-7.557894806617499,0.1124205774077502,0.2166326973837372,0.196637245667569,0.2104487442894251,0.2638607352515181,RLS
Kota Salatiga,Jawa Tengah,12.1,0.0,4.57,58.4,48.53,11.48,110.49837395590411,-7.337679705704803,0.1025302635569597,0.2286448211559377,0.2088667723734466,0.2027137490313088,0.2572443938823469,RLS
Kota Semarang,Jawa Tengah,10.6,0.0,4.03,60.4,44.88,11.05,110.39152196864556,-7.023904499456902,0.1055048953707435,0.2265785464904578,0.2012684930206388,0.2101681671714554,0.2564798979467041,RLS
Kota Pekalongan,Jawa Tengah,16.9,0.0,6.71,66.7,38.42,9.34,109.67715498932589,-6.893409948111556,0.1257591817019226,0.2181521474157319,0.2024001202981289,0.219712922592824,0.2339756279913923,RLS
Kota Tegal,Jawa Tengah,15.3,0.05,7.64,64.7,34.84,9.28,109.11574700047314,-6.869175151932527,0.1391673154855122,0.2287049524763323,0.1879206870923611,0.2041291672369484,0.2400778777088456,RLS
Kulon Progo,Daerah Istimewa Yogyakarta,14.8,0.0,15.62,52.1,27.46,9.2,110.1671126699347,-7.818736917597111,0.1173839183356967,0.2240366304938567,0.1938117838263453,0.2016715086065141,0.2630961587375868,RLS
Bantul,Daerah Istimewa Yogyakarta,14.9,0.0,11.66,62.6,39.19,9.81,110.35488006213188,-7.901344799623574,0.1074903209432115,0.2311221169036432,0.2002018146782615,0.2028214404730353,0.2583643070018481,RLS
Gunungkidul,Daerah Istimewa Yogyakarta,16.3,0.0,15.18,56.0,31.86,7.35,110.61179879403028,-7.993948784303947,0.1059573412993706,0.2147899014371028,0.2099788489705586,0.2057200179794417,0.2635538903135259,RLS
Sleman,Daerah Istimewa Yogyakarta,13.9,0.0,7.46,68.6,45.49,11.33,110.38321196173594,-7.716478296338778,0.1044492016719941,0.2236759433229996,0.2108977123975294,0.2122736505524037,0.2487034920550728,RLS
Kota Yogyakarta,Daerah Istimewa Yogyakarta,12.9,0.0,6.26,65.0,45.0,12.12,110.37435813115398,-7.803298442473046,0.111160113222926,0.2309115485974943,0.2006782420283205,0.2029544582270735,0.2542956379241855,RLS
Pacitan,Jawa Timur,10.6,0.12,13.08,60.9,31.42,7.9,111.1780820212792,-8.124980105125589,0.1161031315621453,0.2237322017581851,0.1961261868577251,0.1868548001587055,0.2771836796632387,RLS
Trenggalek,Jawa Timur,5.7,0.12,10.5,56.7,36.88,7.92,111.627311597125,-8.160699394315703,0.1129810785931063,0.2237763228479218,0.205804533475517,0.1997733927693427,0.2576646723141118,RLS
Tulungagung,Jawa Timur,11.5,0.04,6.28,56.7,40.29,8.68,111.88772958526988,-8.113516890566254,0.1351490545765496,0.2201985076667117,0.1881343242304043,0.2076253909990612,0.2488927225272728,RLS
Blitar,Jawa Timur,16.1,0.02,8.16,55.9,31.81,7.87,112.23721591648514,-8.131053741184221,0.0997693104576909,0.2387105196430184,0.2040354132965096,0.1978165127601886,0.2596682438425921,RLS
Kediri,Jawa Timur,6.9,0.0,9.95,55.5,31.16,8.26,112.0892166054285,-7.828721658201287,0.1080593701121743,0.2274901017718741,0.1970971175187909,0.2232420943932103,0.2441113162039501,RLS
Malang,Jawa Timur,19.0,0.02,8.98,54.0,34.14,7.8,112.6409269189134,-8.126035414008658,0.1079678290799761,0.2467375622545259,0.2116726077882536,0.2038305380379562,0.2297914628392879,Kemiskinan
Lumajang,Jawa Timur,19.1,0.0,8.65,67.7,42.03,7.27,113.13848937379149,-8.125480997209241,0.1250244217039452,0.2265740526635468,0.2186911734304331,0.1905240158783021,0.2391863363237724,RLS
Jember,Jawa Timur,23.5,0.02,9.01,60.5,34.31,6.54,113.65595071109944,-8.235203896497016,0.1282839425830779,0.2313151071529396,0.2149697032649601,0.2002988106631307,0.2251324363358913,Kemiskinan
Banyuwangi,Jawa Timur,14.4,0.02,6.54,68.7,46.1,7.78,114.2059006442583,-8.364828060542473,0.1461616921281817,0.2330734379068907,0.2228993359729376,0.1909471493141733,0.2069183846778163,Kemiskinan
Bondowoso,Jawa Timur,7.7,0.06,12.6,64.2,38.05,6.53,113.94770725091205,-7.943712785040243,0.1408913056803103,0.2360372476685423,0.2184182062610961,0.1823116900661209,0.2223415503239301,Kemiskinan
Situbondo,Jawa Timur,8.1,0.09,11.51,64.1,36.72,6.93,114.05137530115869,-7.801458850018413,0.1412483221855311,0.239463542455127,0.2197542105159243,0.1887424543536849,0.2107914704897323,Kemiskinan
Pasuruan,Jawa Timur,20.3,0.02,8.63,59.7,37.2,7.46,112.83185168143284,-7.742461231256752,0.1094493850652139,0.2519435541459349,0.2228855377803573,0.1949641227937414,0.2207574002147521,Kemiskinan
Mojokerto,Jawa Timur,12.2,0.02,9.37,57.5,37.44,9.13,112.48444691478744,-7.550736022717538,0.1130327085586164,0.2339072221554891,0.1997059020981997,0.192268799247217,0.2610853679404774,RLS
Jombang,Jawa Timur,15.0,0.01,8.6,58.0,35.39,8.78,112.26409573616417,-7.544678451640593,0.104345591231284,0.2279004722874851,0.2105160342224841,0.207703491904367,0.2495344103543795,RLS
Nganjuk,Jawa Timur,18.3,0.05,10.17,68.3,34.11,8.25,111.93853422905082,-7.597532620375048,0.1167851630054749,0.2323002265655668,0.1925324937992893,0.1958693378950088,0.26251277873466,RLS
Madiun,Jawa Timur,9.1,0.0,10.63,61.0,34.05,8.2,111.64585034961064,-7.623649069620709,0.1244548544282118,0.2192503506772285,0.2005634331166005,0.202070126584514,0.2536612351934449,RLS
Magetan,Jawa Timur,8.8,0.0,9.32,55.7,34.73,8.69,111.3574307851203,-7.66339529238236,0.1115924252766275,0.2173928849179844,0.1973646692872585,0.1973656552488258,0.2762843652693035,RLS
Ngawi,Jawa Timur,10.0,0.0,13.81,70.8,40.59,7.84,111.34341497092724,-7.438844735362879,0.1154398951176366,0.221753052532225,0.2074660443878485,0.1889837894060543,0.2663572185562353,RLS
Bojonegoro,Jawa Timur,9.7,0.0,11.69,56.2,33.13,7.59,111.80986719525384,-7.255608194478818,0.1237603012364749,0.2295466055104139,0.1941566627533197,0.1990374634973737,0.2534989670024175,RLS
Tuban,Jawa Timur,9.4,0.0,14.36,58.7,40.2,7.53,111.89225098232264,-6.953438095151446,0.1187515924675341,0.2286615173755289,0.1963651728769415,0.1996280874327033,0.2565936298472919,RLS
Lamongan,Jawa Timur,6.7,0.0,12.16,60.9,43.99,8.48,112.30073550109849,-7.131469464220669,0.1118701323012784,0.2246820652136421,0.2102642357792291,0.2098623752082125,0.2433211914976375,RLS
Gresik,Jawa Timur,12.4,0.02,10.32,64.8,55.88,10.03,112.558604282019,-6.927041213275503,0.1033082489980018,0.2232294558111935,0.1951024863681408,0.212786578270911,0.2655732305517526,RLS
Bangkalan,Jawa Timur,16.0,0.3,18.66,55.9,40.01,6.01,112.92953237795118,-7.044357508221856,0.1103527640412402,0.2353633217944383,0.2154976018461506,0.1919834204061882,0.2468028919119823,RLS
Sampang,Jawa Timur,15.5,0.13,20.83,61.3,43.33,5.08,113.25633666178466,-7.052056582714423,0.118180441488686,0.2267268249347134,0.2128754247259662,0.1950031122033985,0.2472141966472355,RLS
Sumenep,Jawa Timur,15.5,0.16,17.78,77.4,58.84,6.1,114.40311118085748,-6.9664732277108765,0.1617230611609861,0.2184208029544476,0.222077982306899,0.2133242692902287,0.1844538842874383,Konsumsi Protein
Kota Kediri,Jawa Timur,16.1,0.0,6.51,58.6,36.78,10.92,112.0161244224182,-7.826371927674188,0.1183346670456962,0.2253556699729869,0.1896004110979297,0.2089457237506792,0.2577635281327077,RLS
Kota Blitar,Jawa Timur,9.5,0.0,6.75,53.2,32.61,10.82,112.16697095993182,-8.094767817164099,0.1132964639493417,0.2246598774241464,0.2014612771233636,0.202121022339849,0.2584613591632989,RLS
Kota Malang,Jawa Timur,18.5,0.0,3.91,55.6,42.18,11.14,112.63590746906978,-7.978304430833298,0.118602046852798,0.2256761844137337,0.2157493488420971,0.1937315131587807,0.2462409067325901,RLS
Kota Pasuruan,Jawa Timur,15.2,0.0,6.32,63.6,47.76,9.94,112.91000451887004,-7.649573198382243,0.1167286291301179,0.237983119974155,0.2106559984026236,0.1854583250427212,0.249173927450382,RLS
Kota Madiun,Jawa Timur,10.1,0.0,4.38,62.9,45.4,12.11,111.52726704103895,-7.629455300071029,0.1111253091020429,0.2275319999431812,0.1892386424023015,0.1933638532858531,0.2787401952666208,RLS
Kota Batu,Jawa Timur,21.2,0.0,3.06,54.0,37.76,9.87,112.53375478016014,-7.834684964606332,0.110425314536452,0.2328211307005364,0.2043203146298303,0.2092209529956228,0.2432122871375581,RLS
Pandeglang,Banten,21.9,0.19,9.18,59.1,33.71,7.16,105.74291693800568,-6.590328399888732,0.1620322379323088,0.1555619497404754,0.1941076883517978,0.1923910058410501,0.2959071181343676,RLS
Lebak,Banten,25.3,0.23,8.44,70.0,41.94,6.61,106.212422410476,-6.64210546440096,0.1652451007629862,0.1817751368704621,0.1705119091583971,0.2263741414604249,0.2560937117477295,RLS
Tangerang,Banten,19.1,0.01,6.55,65.6,48.86,9.06,106.51892837880612,-6.174491179396564,0.1684746036711751,0.1835653162985288,0.1842149378508569,0.2037339841505073,0.2600111580289315,RLS
Serang,Banten,15.1,0.23,4.51,62.0,42.55,7.88,106.1460770490353,-6.141766745879202,0.1616744786945151,0.1826699657931586,0.1876467797095632,0.2104671405676602,0.2575416352351026,RLS
Kota Tangerang,Banten,10.1,0.03,5.43,72.6,61.56,11.14,106.65199465801548,-6.184374533547935,0.1768778212997052,0.1895140601904856,0.1799073811053287,0.2061799783381657,0.2475207590663145,RLS
Kota Cilegon,Banten,15.1,0.0,3.75,59.4,46.64,10.39,106.01849182447592,-5.998901076815241,0.1570927264291898,0.1810688581356048,0.1903788814201466,0.1992868414430888,0.2721726925719696,RLS
Kota Serang,Banten,17.1,0.27,5.65,65.1,41.55,8.93,106.16675011655757,-6.123329971477472,0.1638346873279816,0.1748365544202328,0.1893188233274772,0.2137179534796659,0.2582919814446422,RLS
Kota Tangerang Selatan,Banten,9.0,0.0,2.36,65.6,58.18,11.86,106.7073856687301,-6.3021235706047545,0.1731795513406757,0.1783416701335373,0.1865676945566154,0.2138011261584568,0.2481099578107145,RLS
Jembrana,Bali,6.0,0.0,4.51,68.8,47.87,8.7,114.6828995943632,-8.31313912547214,0.1463586469673607,0.2346766546146576,0.2187080678722851,0.2074400202564032,0.1928166102892931,Kemiskinan
Tabanan,Bali,6.8,0.0,4.4,63.1,44.76,9.57,115.07827352026872,-8.430257983811046,0.1632645411607655,0.2417636813645851,0.2173056373202552,0.1859799209254092,0.1916862192289846,Kemiskinan
Badung,Bali,5.3,0.0,2.23,74.3,53.65,11.14,115.18836957002604,-8.582974692106328,0.1734111839023314,0.2478375822077271,0.2003193905347206,0.1853330927657258,0.1930987505894948,Kemiskinan
Gianyar,Bali,4.7,0.0,4.0,69.2,45.22,9.84,115.2874863983658,-8.481002847985572,0.1797864457135106,0.2434628205893439,0.1990416567389882,0.2024973538637518,0.1752117230944051,Kemiskinan
Klungkung,Bali,4.8,0.0,5.3,61.7,33.53,8.74,115.49367524646318,-8.66699294324717,0.2010670142565155,0.2495977999182062,0.1856633065201373,0.1970020125099203,0.1666698667952204,Kemiskinan
Bangli,Bali,6.5,0.0,5.06,68.1,45.76,7.58,115.34729446745668,-8.29315451865909,0.1832376924080616,0.2410503959595539,0.1948893248476586,0.2014434133504505,0.179379173434275,Kemiskinan
Karangasem,Bali,10.8,0.0,6.52,58.5,34.42,6.7,115.52989330210744,-8.374292559830064,0.2068689715263724,0.2490412779946182,0.1883395748094395,0.1878738656138114,0.1678763100557582,Kemiskinan
Buleleng,Bali,12.4,0.02,5.39,63.3,39.85,7.69,114.96090544765492,-8.200968666395617,0.1676355174821835,0.238926646799262,0.2065989069163503,0.1997697217366696,0.1870692070655343,Kemiskinan
Lombok Timur,Nusa Tenggara Barat,25.1,0.36,14.51,82.9,53.32,7.36,116.53079859334484,-8.532427285235778,0.2056774074494994,0.2852432190026275,0.1571354076437717,0.1928997603740034,0.1590442055300976,Kemiskinan
Sumbawa,Nusa Tenggara Barat,23.8,0.05,12.87,64.8,53.72,8.59,117.484277667576,-8.703445702038778,0.204461168629331,0.2973884290218298,0.155034809836379,0.1752972424768497,0.1678183500356101,Kemiskinan
Dompu,Nusa Tenggara Barat,14.6,0.18,11.59,72.0,60.83,9.04,118.2169368367669,-8.472328890657908,0.1952273010394366,0.3213392505346856,0.1528287159035108,0.1756906370056583,0.1549140955167084,Kemiskinan
Lombok Utara,Nusa Tenggara Barat,28.4,0.12,23.96,79.5,57.41,6.4,116.28290940922396,-8.348910481840033,0.2234816637695896,0.2645046806740108,0.1628748240279427,0.2014664023686249,0.1476724291598318,Kemiskinan
Kota Mataram,Nusa Tenggara Barat,19.3,0.12,8.0,81.6,56.95,9.58,116.11095866982494,-8.590155607146805,0.2034579959572407,0.258763340380551,0.1777648079648997,0.1880561982477789,0.1719576574495295,Kemiskinan
Kota Bima,Nusa Tenggara Barat,22.0,0.24,8.12,69.6,53.83,10.96,118.78210800264672,-8.454873771388707,0.1724814892749961,0.2961142551589819,0.1684962012976726,0.1987263569864893,0.1641816972818598,Kemiskinan
Sumba Barat,Nusa Tenggara Timur,26.2,0.02,26.52,51.4,28.55,7.17,119.38337502514884,-9.641463028395236,0.1873016225613762,0.298428335187811,0.1579519972304557,0.1981914027083929,0.1581266423119638,Kemiskinan
Sumba Timur,Nusa Tenggara Timur,23.8,0.02,27.04,58.9,33.38,7.77,120.25485581743736,-9.878011835857036,0.1652663165698543,0.2923625705181604,0.1666182597356625,0.2082244786665817,0.1675283745097409,Kemiskinan
Kupang,Nusa Tenggara Timur,30.4,0.15,21.37,50.7,26.39,7.62,123.86139205699524,-9.916414074914623,0.1425418229305773,0.211041424682543,0.1319198686242089,0.3087852433115772,0.2057116404510934,Pangan Hewani
Timor Tengah Selatan,Nusa Tenggara Timur,36.8,0.2,24.68,50.7,20.28,7.21,124.39708710788776,-9.82934324108813,0.1330625638160737,0.2003830780226626,0.1356796113538341,0.3115674215385007,0.2193073252689286,Pangan Hewani
Timor Tengah Utara,Nusa Tenggara Timur,35.4,0.13,20.89,58.3,28.03,8.17,124.56918295036068,-9.37795586550336,0.10893952049644,0.2022372716008154,0.1444269915645822,0.3206305377700807,0.2237656785680814,Pangan Hewani
Belu,Nusa Tenggara Timur,31.3,0.05,13.86,55.0,27.42,7.5,124.96741357464556,-9.155145456576337,0.1338368900593432,0.1999176235907905,0.1315978874245337,0.3260483593544018,0.2085992395709305,Pangan Hewani
Alor,Nusa Tenggara Timur,27.9,0.32,19.87,51.1,36.32,8.61,124.56841001104117,-8.303944527058846,0.1141482814217246,0.2136478348797225,0.1404559938452339,0.3051784893749143,0.2265694004784045,Pangan Hewani
Lembata,Nusa Tenggara Timur,20.4,0.03,24.22,48.0,40.1,8.27,123.5407862873368,-8.381219235367647,0.1302801174739131,0.2361353339233061,0.1466385972352578,0.2873915004915204,0.1995544508760023,Pangan Hewani
Flores Timur,Nusa Tenggara Timur,23.8,0.0,11.25,60.3,42.75,8.06,122.94446426291826,-8.365197502788154,0.1447408870006649,0.2304626097923368,0.1527980840539716,0.2710124253293364,0.2009859938236901,Pangan Hewani
Sikka,Nusa Tenggara Timur,22.0,0.02,11.89,55.6,35.72,6.99,122.30663858044764,-8.609387628966873,0.1417665967776851,0.2530169156504354,0.1437289759769445,0.2598027952134149,0.2016847163815198,Pangan Hewani
Ende,Nusa Tenggara Timur,24.8,0.0,22.57,52.7,33.46,8.29,121.73543333366304,-8.676398175576177,0.1415472089417645,0.2706863235167011,0.165518163353342,0.2313722748913975,0.1908760292967947,Kemiskinan
Ngada,Nusa Tenggara Timur,26.0,0.01,11.87,63.2,36.94,8.83,121.00156407813432,-8.664640463637106,0.1516603583633533,0.2908844537070231,0.1639376354068019,0.2057620173437782,0.1877555351790433,Kemiskinan
Manggarai,Nusa Tenggara Timur,29.6,0.11,19.01,64.1,30.23,7.91,120.40106410482134,-8.568921802438888,0.1565759743868386,0.2971521650452264,0.1718451548185109,0.2113495362623724,0.1630771694870514,Kemiskinan
Rote Ndao,Nusa Tenggara Timur,22.3,0.14,25.78,44.7,30.02,7.83,123.12439308395392,-10.726023447149991,0.1346233062059507,0.2392880601797456,0.1508325810668722,0.2831124339135887,0.1921436186338424,Pangan Hewani
Manggarai Barat,Nusa Tenggara Timur,24.8,0.11,16.74,56.6,29.59,8.21,119.98852802365236,-8.602776750046244,0.1637316345587643,0.2941938832623212,0.1576694197377014,0.2091419534113972,0.1752631090298156,Kemiskinan
Sumba Tengah,Nusa Tenggara Timur,28.9,0.08,30.84,55.8,34.3,7.23,119.66864970311184,-9.543221204460767,0.1707129359532204,0.2894268819205916,0.1707148861259609,0.2145296729469421,0.1546156230532846,Kemiskinan
Sumba Barat Daya,Nusa Tenggara Timur,30.7,0.24,27.2,51.7,24.59,6.39,119.1773364359001,-9.534178936313268,0.1798347054154069,0.302398088652151,0.1682104463817438,0.1812102672922299,0.1683464922584681,Kemiskinan
Nagekeo,Nusa Tenggara Timur,19.0,0.05,12.3,47.2,24.7,8.23,121.27320072648608,-8.689786231218113,0.1310758983947146,0.2827702305671313,0.1660775307568277,0.2343263998720915,0.1857499404092346,Kemiskinan
Manggarai Timur,Nusa Tenggara Timur,29.6,0.41,24.9,58.3,25.53,7.96,120.6893078861149,-8.572887021119715,0.1541181153239205,0.2821922969078392,0.1752658768912784,0.2100391015266325,0.1783846093503291,Kemiskinan
Sabu Raijua,Nusa Tenggara Timur,24.6,0.26,28.13,57.3,42.82,6.99,121.8444543857644,-10.53570267063168,0.1565133977829825,0.2659557497949172,0.167781088215336,0.2347264909087859,0.1750232732979781,Kemiskinan
Kota Kupang,Nusa Tenggara Timur,21.7,0.05,8.24,56.9,41.43,11.64,123.60454300778702,-10.204513149025786,0.1346318055963529,0.2154788871929163,0.1452174821928033,0.3030302418414254,0.2016415831765017,Pangan Hewani
Sambas,Kalimantan Barat,28.0,0.09,6.53,57.6,43.95,6.76,109.34957767153976,1.4231277590492526,0.1816668653339151,0.1695755331809916,0.1925996937125966,0.2250784843778741,0.2310794233946221,RLS
Bengkayang,Kalimantan Barat,18.0,0.02,6.0,58.0,48.01,7.41,109.57841479597454,1.0119756009054022,0.1746433247370458,0.1694920951150992,0.1944988883664402,0.2178375266455328,0.2435281651358817,RLS
Landak,Kalimantan Barat,23.3,0.09,8.98,61.1,46.84,7.46,109.7640807029976,0.5076946391095242,0.1840190849328657,0.1563879045770623,0.2036117165445818,0.2224370261328899,0.2335442678125999,RLS
Mempawah,Kalimantan Barat,20.6,0.23,4.83,57.0,51.08,7.21,109.15419030148044,0.3517815842087103,0.1869418669587608,0.1679698064656087,0.1886260204185349,0.2229714326654342,0.2334908734916611,RLS
Sanggau,Kalimantan Barat,13.9,0.24,4.67,54.3,46.84,7.47,110.43072787563143,0.268700632812297,0.2109524995185771,0.1639454703849222,0.2103967404583651,0.2267353797063663,0.1879699099317689,Pangan Hewani
Ketapang,Kalimantan Barat,12.3,0.44,8.5,59.2,57.11,7.68,110.6054388434309,-1.6333212275058793,0.1953685647570252,0.1894443813803475,0.2138682988546,0.210866969808412,0.1904517851996149,Konsumsi Protein
Sintang,Kalimantan Barat,21.7,0.25,8.03,57.5,45.24,7.65,112.05437912328904,0.0926128851250609,0.2226226498319369,0.2062774705099585,0.1851626084344676,0.1911323037390015,0.1948049674846353,Melahirkan Tidak di Faskes
Sekadau,Kalimantan Barat,11.0,0.58,5.66,65.1,57.3,7.23,110.94892672562408,-0.0171356922163855,0.2019196296067774,0.1938214107842146,0.1964824138525469,0.211925060326815,0.1958514854296458,Pangan Hewani
Kayong Utara,Kalimantan Barat,18.3,0.26,8.84,61.9,54.61,6.54,109.87534827569267,-1.1044491289830995,0.1898392250286727,0.1572369232182707,0.2075268814173994,0.2268191733930321,0.2185777969426248,Pangan Hewani
Kubu Raya,Kalimantan Barat,21.7,0.31,4.08,54.6,47.88,7.05,109.5403751083314,-0.3918409675512826,0.1959069841042013,0.1582539810931839,0.1989955775415678,0.2268073681259474,0.2200360891350991,Pangan Hewani
Kota Pontianak,Kalimantan Barat,18.0,0.01,4.2,64.9,62.98,10.47,109.33169746970488,-0.0257806511012066,0.1797541748766707,0.1449952755337319,0.1968756763566168,0.2427407164524028,0.2356341567805774,Pangan Hewani
Kota Singkawang,Kalimantan Barat,18.3,0.0,4.53,60.8,60.14,8.22,109.03227801648502,0.8866522792914528,0.1777608564442682,0.1440438518365269,0.1959415572213721,0.234966549585834,0.2472871849119986,RLS
Kotawaringin Barat,Kalimantan Tengah,14.3,0.11,4.11,66.9,59.36,8.77,111.77417166167388,-2.5723517098540154,0.2121384220063914,0.2030932419134702,0.1979283959842361,0.1953160359178587,0.1915239041780431,Melahirkan Tidak di Faskes
Barito Selatan,Kalimantan Tengah,24.3,0.34,4.83,61.2,59.89,9.22,114.91105939674488,-1.774429287373685,0.1789748315941451,0.2182568075808676,0.2165686139528621,0.2023942510100529,0.1838054958620719,Kemiskinan
Barito Utara,Kalimantan Tengah,16.0,0.41,5.67,55.8,48.72,8.92,115.13762416969904,-0.9284149784672427,0.192956814356456,0.2174863125183067,0.1985511874506677,0.2047094302244223,0.186296255450147,Kemiskinan
Sukamara,Kalimantan Tengah,14.8,0.2,4.14,64.3,61.77,8.18,111.15956186471274,-2.6044606820746194,0.1980468121714585,0.1859727656674188,0.2117419955987344,0.2247183204634303,0.1795201060989576,Pangan Hewani
Seruyan,Kalimantan Tengah,22.5,0.62,7.08,56.0,53.88,8.01,112.1987625091333,-2.257895635103241,0.185886498568031,0.2271189125109043,0.1924775042165306,0.1993789747176051,0.1951381099869286,Kemiskinan
Pulang Pisau,Kalimantan Tengah,20.5,0.16,4.56,64.9,57.78,8.42,113.96756160036144,-2.6911174672051144,0.1846586299573167,0.2504379435221866,0.1824534016070692,0.1849925782626131,0.1974574466508141,Kemiskinan
Gunung Mas,Kalimantan Tengah,11.6,0.71,5.68,60.1,59.76,9.37,113.55878027956484,-1.025156258258054,0.2081474630235356,0.210295705447402,0.2154502172184251,0.188867568537575,0.177239045773062,Konsumsi Protein
Barito Timur,Kalimantan Tengah,16.4,0.29,6.66,66.8,62.57,9.54,115.1439509456153,-1.9823590863437988,0.1815397767058931,0.211759329709737,0.2213791040202867,0.192316729181192,0.1930050603828907,Konsumsi Protein
Murung Raya,Kalimantan Tengah,11.7,0.58,6.58,54.1,43.73,7.94,114.26233198952082,-0.0317900563710674,0.2128388061444013,0.2139112727149642,0.1891816969151555,0.2072530357966245,0.1768151884288542,Kemiskinan
Kota Palangkaraya,Kalimantan Tengah,14.6,0.07,3.52,62.8,62.53,11.66,113.76748798967397,-2.007516127068567,0.2185638521130468,0.2098103900385668,0.2072351780662592,0.1783820930742864,0.1860084867078404,Melahirkan Tidak di Faskes
Kotabaru,Kalimantan Selatan,18.3,0.39,4.45,68.5,62.48,7.56,116.06318826094736,-2.985020590878455,0.1747025336896381,0.2336796538047186,0.1971484669800225,0.2095956325729527,0.1848737129526678,Kemiskinan
Banjar,Kalimantan Selatan,26.6,0.29,2.36,70.2,58.03,7.95,115.07989355170756,-3.320536645653844,0.1822177819451513,0.2388545998964754,0.1889777151331101,0.1955814506397282,0.1943684523855347,Kemiskinan
Barito Kuala,Kalimantan Selatan,12.3,0.3,4.36,66.0,56.95,7.92,114.63020275403382,-3.091262978095441,0.1955832801580745,0.235768900297434,0.1871129389678932,0.1938620059585898,0.1876728746180081,Kemiskinan
Tapin,Kalimantan Selatan,11.1,0.22,3.33,72.4,64.65,8.15,115.04513716603624,-2.92164456114908,0.1877732156901392,0.2314491360804089,0.1767199713176434,0.1814456866905587,0.2226119902212494,Kemiskinan
Hulu Sungai Selatan,Kalimantan Selatan,20.3,0.11,3.38,74.3,55.6,8.09,115.2055179809139,-2.729230370749692,0.1693284816187131,0.2409900164482971,0.2026670909025685,0.1991512881755178,0.1878631228549031,Kemiskinan
Hulu Sungai Tengah,Kalimantan Selatan,17.2,0.04,5.81,74.0,52.14,8.35,115.47865812807773,-2.609375775434504,0.1888223301718133,0.2241254614303545,0.1937163888921845,0.2084013717061933,0.184934447799454,Kemiskinan
Tanah Bumbu,Kalimantan Selatan,17.2,0.13,3.41,70.2,65.84,8.43,115.64712941120666,-3.439768890145065,0.1636083122840942,0.263538499312188,0.1913333370296904,0.1977625257070749,0.1837573256669522,Kemiskinan
Balangan,Kalimantan Selatan,13.0,0.19,4.87,71.4,53.29,8.13,115.62277091664156,-2.3178473491284985,0.1844587884416433,0.2095062351702082,0.2036942851373745,0.2110290619621667,0.1913116292886071,Pangan Hewani
Kota Banjarmasin,Kalimantan Selatan,19.8,0.02,4.58,70.2,64.13,10.35,114.59179849153216,-3.3291225768694703,0.1835895734079348,0.2565213614481219,0.1704469476754901,0.18029718372737,0.209144933741083,Kemiskinan
Kota Banjarbaru,Kalimantan Selatan,13.5,0.0,3.79,65.8,60.56,11.0,114.79117659289466,-3.4747696271885893,0.1796162661596136,0.2615854769447553,0.1715205555087276,0.1830387451450918,0.2042389562418113,Kemiskinan
Paser,Kalimantan Timur,17.8,0.24,8.63,62.1,61.03,8.92,116.09274475365945,-1.7368359094227837,0.1831134620580816,0.2224483263357202,0.2077495398108668,0.214063000122535,0.1726256716727961,Kemiskinan
Kutai Barat,Kalimantan Timur,21.0,0.12,9.56,64.2,63.9,8.89,115.82422182856172,-0.5026940672017275,0.17923996462852,0.2145697549420288,0.18813525311886,0.22597400810557,0.1920810192050209,Pangan Hewani
Kutai Kartanegara,Kalimantan Timur,11.8,0.09,7.28,65.2,63.2,9.27,116.48009828323627,0.1079968987767572,0.1604491490627324,0.2312206332734342,0.184414595098087,0.2350856040396273,0.1888300185261187,Pangan Hewani
Kutai Timur,Kalimantan Timur,20.6,0.14,8.81,63.7,58.17,9.47,117.129143598058,0.9899332903722106,0.1620723334954564,0.218576363360683,0.1763130076120651,0.2313608069997502,0.211677488532045,Pangan Hewani
Berau,Kalimantan Timur,17.2,0.06,5.08,60.6,58.75,9.57,117.34011959629946,1.9125991882194475,0.1635107205727896,0.2158473418131687,0.1863268976574495,0.2432604930303795,0.1910545469262124,Pangan Hewani
Penajam Paser Utara,Kalimantan Timur,21.9,0.04,6.69,58.8,53.86,8.57,116.59035269899064,-1.1571513245208789,0.1758238655966993,0.213824600126614,0.1884742652871237,0.2429035526755999,0.1789737163139629,Pangan Hewani
Mahakam Ulu,Kalimantan Timur,18.3,0.04,10.75,60.8,59.62,8.5,114.83610621257698,0.7318574371682226,0.1983851920774765,0.2268575492318404,0.1896575319529755,0.2158790080618139,0.1692207186758933,Kemiskinan
Kota Balikpapan,Kalimantan Timur,20.2,0.04,2.23,65.0,60.2,10.99,116.87229089630766,-1.1566676727718643,0.1644566996324274,0.2384789813610301,0.18588935616016,0.2274342563885402,0.183740706457842,Kemiskinan
Kota Samarinda,Kalimantan Timur,15.2,0.01,4.3,66.7,63.73,10.95,117.17706337216404,-0.5002817452773409,0.1667135915434405,0.2249699611225295,0.1890311935888516,0.2308105340328192,0.1884747197123589,Pangan Hewani
Kota Bontang,Kalimantan Timur,16.5,0.0,3.74,61.8,60.43,10.97,117.45806816526482,0.0932649886817671,0.1587711243973315,0.2183158925135288,0.184485352267429,0.2355218495741096,0.2029057812476008,Pangan Hewani
Malinau,Kalimantan Utara,20.8,0.17,6.94,64.3,66.78,9.63,115.73563649387036,2.513630709933956,0.1693455147540864,0.2024773776596354,0.1905422718297736,0.2337430134637584,0.203891822292746,Pangan Hewani
Tana Tidung,Kalimantan Utara,5.9,0.08,4.47,59.0,62.47,9.24,117.15774190760142,3.570498930533085,0.177738864268011,0.2128497830311523,0.1706295269075375,0.2435888786155788,0.1951929471777201,Pangan Hewani
Kota Tarakan,Kalimantan Utara,10.8,0.03,5.56,61.9,66.96,10.37,117.59951086277827,3.3594090140476918,0.1705071803706304,0.2246851915620157,0.1846438160356852,0.2322879886167272,0.1878758234149411,Pangan Hewani
Bolaang Mongondow,Sulawesi Utara,16.4,0.22,7.74,64.4,50.24,8.38,124.03855951112372,0.7075463289629502,0.1930847645195003,0.2201399992115227,0.1846941027921667,0.1793162682562629,0.222764865220547,RLS
Minahasa,Sulawesi Utara,15.3,0.03,6.53,71.9,59.61,10.23,124.858110806675,1.250036945961101,0.2009237771717624,0.1980020556161685,0.1798676192704184,0.1908281770875464,0.2303783708541039,RLS
Kepulauan Sangihe,Sulawesi Utara,16.7,0.12,10.84,54.8,49.6,8.65,125.54097627190136,3.5527187118607086,0.1985055290193043,0.1944372391118515,0.1862454322364936,0.1858999241898226,0.2349118754425277,RLS
Kepulauan Talaud,Sulawesi Utara,9.4,0.2,8.17,53.5,46.97,9.96,126.78108585337324,4.22583368182785,0.2042688330768423,0.1906619797583129,0.1881406468875696,0.1913999281715961,0.2255286121056788,RLS
Minahasa Selatan,Sulawesi Utara,19.3,0.08,8.97,65.7,50.25,9.43,124.5189031249445,1.0849813340984262,0.1929584361023034,0.2073184113728939,0.1782821539669082,0.1830163822370007,0.2384246163208935,RLS
Minahasa Utara,Sulawesi Utara,13.5,0.03,6.95,67.1,61.36,10.35,125.0052953556106,1.548104311142762,0.1858765426296636,0.2010012563879436,0.1877779571951164,0.1880298447129124,0.2373143990743637,RLS
Bolaang Mongondow Utara,Sulawesi Utara,18.6,0.05,7.88,57.6,44.67,8.61,123.476467015239,0.7676423698373775,0.1820004593507998,0.2225164957693192,0.1928709784120751,0.187006390035698,0.2156056764321075,Kemiskinan
Kep. Siau Tagulandang Biaro,Sulawesi Utara,15.2,0.07,8.32,53.7,45.8,9.43,125.3969364297959,2.539181589905236,0.1936358359742903,0.1963581770119466,0.183724868371233,0.1904624113091045,0.2358187073334252,RLS
Bolaang Mongondow Selatan,Sulawesi Utara,14.4,0.15,11.33,57.1,47.84,8.28,123.9282638919072,0.4431081493328258,0.1906293368664954,0.2257553451915414,0.1721344471402406,0.1828095239123265,0.2286713468893957,RLS
Kota Manado,Sulawesi Utara,14.7,0.0,5.43,58.1,51.06,11.46,124.8478995057604,1.52492290941445,0.1920996452020929,0.2033320018668806,0.1811399160059701,0.1912808896257144,0.2321475472993416,RLS
Kota Bitung,Sulawesi Utara,16.7,0.05,6.27,67.9,58.47,9.96,125.15797407240925,1.489812555292067,0.1948803102517011,0.1952444649145047,0.185772063028809,0.1914005323570015,0.2327026294479834,RLS
Kota Tomohon,Sulawesi Utara,8.7,0.0,5.38,70.0,62.73,11.03,124.81504661873244,1.330532783407918,0.1898144993107701,0.2077142130148742,0.1839449316652059,0.1810749685589387,0.2374513874502108,RLS
Kota Kotamobagu,Sulawesi Utara,16.7,0.04,5.12,67.5,43.8,10.35,124.31830769992712,0.7110776569205668,0.1917318154828783,0.2188582633552268,0.1799411043488209,0.1813927155342591,0.2280761012788145,RLS
Banggai Kepulauan,Sulawesi Tengah,22.9,0.29,12.32,57.0,47.84,8.7,123.1432918138028,-1.3718066637241788,0.1939941205401404,0.2237867800748473,0.1942755051143727,0.1922475633290742,0.195696030941565,Kemiskinan
Banggai,Sulawesi Tengah,24.2,0.16,6.56,66.7,57.2,8.81,122.58828798506794,-1.01851056452746,0.1792958935331483,0.2410975339810875,0.1738598912678597,0.1938660204423721,0.211880660775532,Kemiskinan
Morowali,Sulawesi Tengah,19.3,0.04,11.55,64.1,59.15,9.38,121.923739457734,-2.7160621585002187,0.1734855931128303,0.2375018642047885,0.1911333391010797,0.2064242063172178,0.1914549972640834,Kemiskinan
Poso,Sulawesi Tengah,16.9,0.04,14.23,60.3,46.24,9.54,120.53372781305023,-1.6784226211849893,0.1553493480976429,0.2335766194903835,0.1916079460524704,0.2342146460169057,0.1852514403425971,Pangan Hewani
Donggala,Sulawesi Tengah,22.3,0.26,15.3,67.8,55.46,8.0,119.83064284394985,-0.4361077197036661,0.1413600134779318,0.2325824228413039,0.186421567546469,0.2397473966902527,0.1998885994440424,Pangan Hewani
Toli Toli,Sulawesi Tengah,21.7,0.03,12.45,53.3,42.24,8.91,120.73001399433862,0.9273454624914992,0.1549100883650022,0.2285149659832961,0.1856838202543326,0.2171930679417549,0.2136980574556139,Kemiskinan
Buol,Sulawesi Tengah,26.1,0.04,13.08,56.8,45.13,9.2,121.38845301167228,0.9788865371937244,0.1624304387542543,0.2355560187986538,0.1710682775964718,0.2025162259822967,0.2284290388683229,Kemiskinan
Parigi Moutong,Sulawesi Tengah,16.1,0.19,14.2,59.4,45.43,8.05,120.44905766573947,0.0168939044374259,0.1533608067786868,0.2335738362536073,0.1910016260359897,0.2046866004913731,0.2173771304403427,Kemiskinan
Tojo Una Una,Sulawesi Tengah,11.4,0.13,16.36,53.1,43.63,8.56,121.5724378970608,-1.1241526254619327,0.1652974124223337,0.2258254855629635,0.1896948859635441,0.2095327534422687,0.2096494626088897,Kemiskinan
Sigi,Sulawesi Tengah,24.6,0.15,12.06,61.4,35.39,9.04,119.9742260779144,-1.408787323605664,0.1480351530908296,0.2208728298274943,0.1999860204035539,0.2408801861622659,0.1902258105158559,Pangan Hewani
Banggai Laut,Sulawesi Tengah,22.1,0.32,13.78,57.5,49.36,8.65,123.52947076851288,-1.7801369798412243,0.190622361470366,0.2131641670015006,0.1936716470599182,0.1919098355310615,0.2106319889371532,Kemiskinan
Morowali Utara,Sulawesi Tengah,17.6,0.1,11.95,64.9,57.07,9.13,121.396031063402,-1.8270885260260696,0.1523230696936556,0.2616593885642169,0.2014415984670939,0.1977374773000477,0.1868384659749855,Kemiskinan
Kota Palu,Sulawesi Tengah,19.1,0.02,5.94,58.3,44.79,11.75,119.91196590712497,-0.8369333944323363,0.1493763961649755,0.230836387548154,0.1958630319406365,0.2428620141005207,0.1810621702457129,Pangan Hewani
Kepulauan Selayar,Sulawesi Selatan,20.5,0.08,10.79,62.4,51.5,8.49,120.71822285474865,-6.558894570960263,0.1411446463332257,0.2553445301152941,0.1735227845200997,0.224700895720048,0.2052871433113322,Kemiskinan
Bulukumba,Sulawesi Selatan,22.1,0.04,6.71,69.9,58.98,8.52,120.23433037034496,-5.431465153124081,0.1546216471130024,0.2221988196579329,0.2020470763953891,0.2158970021381292,0.205235454695546,Kemiskinan
Bantaeng,Sulawesi Selatan,16.9,0.12,8.26,69.3,52.16,7.26,119.98736529946484,-5.490187624824236,0.1514977773049317,0.2355944254698334,0.1954096115617991,0.2076549162295333,0.2098432694339021,Kemiskinan
Jeneponto,Sulawesi Selatan,27.0,0.0,11.82,58.5,49.9,7.01,119.69888211408797,-5.5670396124325725,0.1503486089412144,0.2476759068353254,0.1950017805803495,0.2276389543377542,0.1793347493053562,Kemiskinan
Gowa,Sulawesi Selatan,13.4,0.03,6.85,66.9,52.51,8.53,119.71872047673116,-5.308929395212921,0.1360947529077359,0.2242198988125232,0.1941378036027995,0.2324214370964401,0.2131261075805009,Pangan Hewani
Pangkajene dan Kepulauan,Sulawesi Selatan,22.7,0.05,12.41,71.6,71.4,8.47,119.47921285387964,-4.93937396624752,0.1441885777494826,0.2239830864514051,0.2126852172137105,0.2358948651743402,0.1832482534110613,Pangan Hewani
Barru,Sulawesi Selatan,22.1,0.02,8.31,61.9,51.02,8.8,119.69485132714702,-4.440070712696204,0.1596582683742881,0.2186133989040563,0.209854372113927,0.2272299996635873,0.1846439609441409,Pangan Hewani
Bone,Sulawesi Selatan,19.8,0.11,9.58,53.8,43.26,7.55,120.13003811441024,-4.695099309252483,0.1523916353565898,0.2313886797554326,0.197541270179983,0.2181934958719539,0.2004849188360403,Kemiskinan
Soppeng,Sulawesi Selatan,23.2,0.01,6.9,62.4,51.19,8.45,119.89338254702992,-4.33706777307684,0.161301945362038,0.2202351366775562,0.2005633063709632,0.2283704053115991,0.1895292062778432,Pangan Hewani
Wajo,Sulawesi Selatan,16.9,0.04,6.47,58.3,50.5,7.46,120.1728253851068,-3.991873696027796,0.1599165125588336,0.2094401648760339,0.2151269333388748,0.2313498385505835,0.1841665506756738,Pangan Hewani
Pinrang,Sulawesi Selatan,18.2,0.0,8.55,62.8,48.5,8.53,119.60267555297422,-3.628303734320656,0.157921559648483,0.2178587577848204,0.2127491224960489,0.2312957318941933,0.180174828176454,Pangan Hewani
Enrekang,Sulawesi Selatan,29.2,0.03,11.25,66.4,46.6,9.11,119.87457452096028,-3.5038854508065285,0.1523970558541079,0.2166472102520295,0.1991911323237425,0.225886869779322,0.2058777317907978,Pangan Hewani
Tana Toraja,Sulawesi Selatan,21.6,0.19,10.79,57.2,35.53,8.77,119.71163255476112,-3.115634650811974,0.1456206394852367,0.2211020700009509,0.2170142524432,0.2396633904843589,0.1765996475862531,Pangan Hewani
Luwu Utara,Sulawesi Selatan,22.3,0.06,11.24,75.1,64.2,8.37,120.16444229241688,-2.395988981768034,0.1430779383648032,0.2588294666240409,0.2018796398622142,0.2148289883820461,0.1813839667668953,Kemiskinan
Luwu Timur,Sulawesi Selatan,17.5,0.08,6.55,62.4,53.65,8.94,121.12836988734271,-2.556091114546992,0.1579127612000552,0.2332741290928356,0.1973386725723514,0.2168029902169507,0.1946714469178068,Kemiskinan
Toraja Utara,Sulawesi Selatan,21.3,0.0,10.73,54.7,39.66,8.54,119.8642664094776,-2.879640830195617,0.1468868368604111,0.2333243794641332,0.2128851918936126,0.2217716279651507,0.1851319638166919,Kemiskinan
Kota Makassar,Sulawesi Selatan,18.8,0.04,4.97,66.4,60.83,11.57,119.46389865512296,-5.135613545581445,0.1407759998440492,0.237002628167835,0.1834229430986792,0.2229274535365752,0.215870975352861,Kemiskinan
Kota Parepare,Sulawesi Selatan,21.2,0.0,5.27,58.3,50.9,10.88,119.66355554583085,-4.031644082026487,0.1534011854239024,0.2189601917418039,0.2132407779878405,0.2300463508492811,0.1843514939971716,Pangan Hewani
Kota Palopo,Sulawesi Selatan,18.5,0.0,7.35,63.6,54.08,11.16,120.14776639296164,-2.979709951241765,0.1416594704420055,0.2320188707549927,0.2091622134562413,0.2240474471495444,0.1931119981972157,Kemiskinan
Buton,Sulawesi Tenggara,22.3,0.35,13.99,62.8,59.44,8.63,122.92293328948158,-5.316535431179526,0.1576254130557931,0.2200864307566603,0.1664337831319997,0.2353063941135193,0.2205479789420273,Pangan Hewani
Muna,Sulawesi Tenggara,18.7,0.38,13.78,50.0,36.82,8.71,122.629580754731,-4.944717992165203,0.1655848928066318,0.2216994825472315,0.1853838838834943,0.2296139063514336,0.1977178344112083,Pangan Hewani
Konawe,Sulawesi Tenggara,19.1,0.21,13.25,59.5,52.93,9.69,121.86339877121392,-3.5310797349862866,0.1683064763148364,0.2116283083552336,0.1954627652425193,0.2256355604325757,0.1989668896548346,Pangan Hewani
Kolaka,Sulawesi Tenggara,21.2,0.07,11.67,66.8,61.92,9.38,121.5220279001758,-4.074648388834102,0.1748063308467229,0.2082778483201521,0.2023195510018064,0.2264469248644991,0.1881493449668192,Pangan Hewani
Bombana,Sulawesi Tenggara,17.7,0.12,10.54,64.2,56.48,8.1,121.8524155648224,-4.801049565224898,0.1688045570267932,0.2173622994136672,0.1951422490766845,0.2172926698789742,0.2013982246038805,Kemiskinan
Wakatobi,Sulawesi Tenggara,20.6,0.16,14.36,68.4,67.62,8.53,123.7854932739627,-5.571416748701636,0.1383292776431113,0.2134662984131783,0.1560873259052346,0.2646269619968728,0.2274901360416027,Pangan Hewani
Buton Utara,Sulawesi Tenggara,25.5,0.16,14.09,59.1,53.77,9.24,123.01237375160817,-4.7038316958112825,0.1610773951389404,0.2239939683353684,0.1787178911059421,0.2256941874701916,0.2105165579495571,Pangan Hewani
Konawe Utara,Sulawesi Tenggara,22.2,0.2,13.17,60.9,54.75,9.61,122.03046910609076,-3.3907487319389387,0.1765161283080685,0.2296107254825219,0.18582384542922,0.2168326859158351,0.1912166148643542,Kemiskinan
Kolaka Timur,Sulawesi Tenggara,16.9,0.19,13.71,62.6,49.86,8.43,121.60868084552844,-3.7956517324093046,0.1664761746476004,0.2136519971236706,0.200733232957739,0.2226648767150895,0.1964737185559002,Pangan Hewani
Konawe Kepulauan,Sulawesi Tenggara,20.6,0.16,15.54,51.0,35.82,9.46,123.0962508934454,-4.114591532038453,0.1885471615720683,0.2039934918687314,0.1887094841222747,0.2158914003383052,0.2028584620986199,Pangan Hewani
Muna Barat,Sulawesi Tenggara,22.4,0.17,13.38,54.7,40.43,8.09,122.49255187254764,-4.816939901763916,0.1771479455225536,0.2236079811001973,0.1833026463685506,0.2179309792215386,0.1980104477871595,Kemiskinan
Buton Tengah,Sulawesi Tenggara,24.2,0.24,14.4,49.5,37.69,7.35,122.3986608903075,-5.317018155747936,0.1580979192650977,0.2313819925974161,0.1779307114368006,0.2285758840870153,0.20401349261367,Kemiskinan
Buton Selatan,Sulawesi Tenggara,28.2,0.37,14.28,63.3,56.63,7.75,122.67155910995092,-5.604731594545522,0.146212099258553,0.2223169279751403,0.163003651560579,0.2734899213640767,0.1949773998416507,Pangan Hewani
Kota Kendari,Sulawesi Tenggara,20.0,0.07,4.23,67.4,58.43,12.55,122.53288161280476,-3.9977109305055127,0.1720023839331305,0.2186143375720522,0.1947341881247644,0.2199967896596265,0.1946523007104261,Pangan Hewani
Kota Bau Bau,Sulawesi Tenggara,21.4,0.06,7.4,52.9,44.4,11.03,122.67579301070064,-5.428775935484784,0.1623696200603782,0.2306546679325176,0.1755962495696637,0.2308086125194223,0.2005708499180179,Pangan Hewani
Boalemo,Gorontalo,6.3,0.02,17.83,59.6,41.08,7.31,122.32708397384349,0.652910212400025,0.1545619854043932,0.2277604214508414,0.1883328165541945,0.2121956151821504,0.2171491614084201,Kemiskinan
Gorontalo,Gorontalo,22.1,0.05,16.43,58.0,45.41,7.95,122.71251438304094,0.6929032196791368,0.1757060619327222,0.2375285788691024,0.1783190669106995,0.1747787477018283,0.2336675445856473,Kemiskinan
Pohuwato,Gorontalo,13.7,0.14,17.11,55.8,44.94,7.78,121.70982909484265,0.6883516825150848,0.1592732712528672,0.2329505052925534,0.1742516587266441,0.1959009237402275,0.2376236409877076,RLS
Bone Bolango,Gorontalo,17.8,0.06,14.8,58.1,44.99,8.52,123.29231204900891,0.5323709642276003,0.1779202654412735,0.2260966687461255,0.1830807560724484,0.1795673769095218,0.2333349328306304,RLS
Gorontalo Utara,Gorontalo,19.2,0.0,16.86,55.1,38.37,7.4,122.66452931887122,0.8855720330224122,0.1801069534918186,0.2300741699663928,0.1776147184750355,0.1917918185612017,0.2204123395055511,Kemiskinan
Kota Gorontalo,Gorontalo,25.6,0.05,5.74,60.4,45.91,10.41,123.05530112395536,0.5384086897232483,0.1832443594680333,0.2136842858060635,0.1889307422317248,0.1976265901293016,0.2165140223648764,RLS
Majene,Sulawesi Barat,24.6,0.08,13.64,59.0,45.29,9.46,118.91846506208236,-3.173210369750993,0.1464885508187989,0.201040362420871,0.2143785470339303,0.2441979183665344,0.193894621359865,Pangan Hewani
Polewali Mandar,Sulawesi Barat,28.1,0.16,15.66,63.2,42.88,7.72,119.14732978962928,-3.310168733807352,0.1475832459524811,0.2322836949229772,0.2090834516517062,0.2279502079136052,0.1830993995592299,Kemiskinan
Mamuju,Sulawesi Barat,29.3,0.12,7.15,60.7,46.56,8.35,119.34455584206448,-2.519738913809197,0.1384895283106192,0.2538536680826376,0.2088574099619624,0.2192426955743092,0.1795566980704713,Kemiskinan
Pasangkayu,Sulawesi Barat,29.2,0.08,5.21,60.5,43.19,8.13,119.50763751895292,-1.4896916503022928,0.1454347484109711,0.2413516764285562,0.1993847441207638,0.2338843580451532,0.1799444729945553,Kemiskinan
Mamuju Tengah,Sulawesi Barat,22.7,0.08,7.72,58.1,46.22,7.94,119.51108259676796,-2.0026680113293054,0.1533271323399618,0.2209211509360038,0.2075620288980856,0.2299831892438037,0.1882064985821446,Pangan Hewani
Kepulauan Tanimbar,Maluku,21.9,0.39,23.66,43.0,36.58,9.92,131.36651667133444,-7.584619603065146,0.1459400489427073,0.1486979288351152,0.1369254875805591,0.3192248860460329,0.2492116485955852,Pangan Hewani
Maluku Tenggara,Maluku,22.0,0.45,21.22,53.1,48.33,9.84,132.88806727650692,-5.677005135172146,0.165837638317097,0.1940260875675082,0.1538962066767374,0.2694717456610178,0.2167683217776393,Pangan Hewani
Maluku Tengah,Maluku,17.8,0.52,17.67,53.7,53.36,9.79,129.2954055555071,-3.181406936812788,0.1862980783564855,0.1831787854718764,0.1641120596267787,0.2503857709274525,0.2160253056174066,Pangan Hewani
Buru,Maluku,19.3,0.3,16.08,50.8,44.22,9.02,126.72702333689448,-3.329419246828863,0.2049076373584814,0.1956734918208479,0.1651737556904305,0.209738371667682,0.2245067434625579,RLS
Kepulauan Aru,Maluku,22.4,0.74,23.39,47.1,47.72,9.21,134.45093476908767,-6.196625644644724,0.1492156938206256,0.1841917020902245,0.1452443759355453,0.2834873623340326,0.2378608658195718,Pangan Hewani
Seram Bagian Barat,Maluku,22.1,0.47,22.31,46.4,39.11,9.59,128.35598714926888,-3.135936778631491,0.1725560561504911,0.2011120430481676,0.1542838211745489,0.235414345271428,0.2366337343553641,RLS
Seram Bagian Timur,Maluku,20.5,0.73,21.03,50.5,50.39,9.0,130.44270243528763,-3.4199625252332484,0.1575601821082431,0.1982824669495227,0.1630631113777375,0.2652233109511376,0.2158709286133588,Pangan Hewani
Maluku Barat Daya,Maluku,18.3,0.38,27.95,59.9,50.25,9.13,127.30425610878656,-7.833301870478451,0.136479521564645,0.1561022865925941,0.1184893808459157,0.3342896152657761,0.2546391957310687,Pangan Hewani
Buru Selatan,Maluku,26.2,0.8,14.91,39.9,29.41,8.48,126.52426724234064,-3.56764298929609,0.1811733860659385,0.21710586824412,0.1548098064225811,0.2148097012981006,0.2321012379692594,RLS
Kota Ambon,Maluku,15.3,0.29,5.13,56.5,48.35,12.24,128.19497621202737,-3.6853598131579575,0.1755108798428345,0.1828777849321159,0.1590047068689754,0.2676798159044076,0.2149268124516664,Pangan Hewani
Kota Tual,Maluku,19.1,0.38,20.01,56.7,50.98,10.67,132.48267103211563,-5.556933526301175,0.1587743876572485,0.1852319032835813,0.1608954019060244,0.2787127917306529,0.2163855154224926,Pangan Hewani
Halmahera Barat,Maluku Utara,17.8,0.28,8.75,46.1,36.5,8.59,127.59080491924962,1.3517754629079504,0.2069212112303942,0.2004550963963555,0.1852371323986079,0.1831467979615905,0.2242397620130516,RLS
Halmahera Selatan,Maluku Utara,25.7,0.49,5.63,51.1,49.35,8.42,127.70518420741224,-0.8271887368262609,0.2271108317525593,0.1982645621999201,0.1698464637963295,0.1759301004968484,0.2288480417543423,RLS
Halmahera Utara,Maluku Utara,17.0,0.37,4.71,52.7,48.24,8.67,127.83480303314494,1.554443706628952,0.2055975368014976,0.1999743865759028,0.1827416034283318,0.1771439348759554,0.2345425383183121,RLS
Halmahera Timur,Maluku Utara,19.1,0.22,11.91,52.4,48.44,8.88,128.30864720330888,1.0295167626584731,0.2206669472555093,0.191059661331112,0.1795845526760915,0.1783231557921179,0.2303656829451689,RLS
Pulau Taliabu,Maluku Utara,20.4,0.71,7.13,47.9,44.61,7.99,124.73939552323748,-1.819433898171311,0.2090840107921464,0.2103634061690819,0.1812734589241322,0.1870252780254559,0.2122538460891832,RLS
Kota Ternate,Maluku Utara,14.2,0.15,3.14,60.3,49.62,12.08,127.1725035262532,0.8385050089036383,0.2179428219223941,0.1897999498779189,0.1786295311849764,0.1828415518745155,0.2307861451401947,RLS
Kota Tidore Kepulauan,Maluku Utara,12.0,0.09,6.56,46.8,39.95,10.12,127.67500969025778,0.4792840291155735,0.2186545158697127,0.1928997986608239,0.1755501523961569,0.183824435592089,0.229071097481217,RLS
Fak Fak,Papua Barat,17.7,0.18,20.86,51.5,50.7,9.32,132.84273462815406,-3.11179129435372,0.1854230772257344,0.1759265701255357,0.1712814169119907,0.2471339637165906,0.2202349720201483,Pangan Hewani
Kaimana,Papua Barat,13.2,0.45,14.41,58.5,62.52,8.97,134.05628485430174,-3.585489547137168,0.1729359750136402,0.1728371146298617,0.1670842648408509,0.2674147872986351,0.2197278582170118,Pangan Hewani
Teluk Wondama,Papua Barat,22.5,0.56,28.47,46.5,48.63,7.38,134.40415555505203,-2.8501056273509726,0.1761340277896259,0.1968275906932591,0.1684080627455607,0.2591915958759238,0.1994387228956302,Pangan Hewani
Teluk Bintuni,Papua Barat,16.9,0.23,26.99,50.9,57.2,8.67,133.4537391899256,-2.154595446299385,0.1868499383166721,0.1958272323199881,0.1708200033414514,0.2419303360019982,0.2045724900198899,Pangan Hewani
Manokwari,Papua Barat,19.0,0.16,18.45,54.3,43.95,8.67,133.80041259585818,-0.9357307590086816,0.2114478095465605,0.1951521641855898,0.1674380881416204,0.2292660066400255,0.1966959314862034,Pangan Hewani
Manokwari Selatan,Papua Barat,19.6,0.14,26.83,52.9,36.57,7.17,134.01766705021137,-1.5480175841024575,0.1957958711135504,0.1904124936263067,0.170654400063406,0.2436807853184789,0.1994564498782576,Pangan Hewani
Pegunungan Arfak,Papua Barat,26.4,0.66,31.76,33.7,22.61,5.72,133.70017174033862,-1.2865878023890909,0.2047140481764874,0.1964688282833894,0.1698956915324579,0.2362890217463051,0.1926324102613599,Pangan Hewani
Kepulauan Yapen,Papua,22.2,0.54,25.69,61.9,58.63,9.71,136.1741562685735,-1.745485332987795,0.1762652146168876,0.2003632166788048,0.1786916367316839,0.236340054460549,0.2083398775120744,Pangan Hewani
Sarmi,Papua,16.0,0.06,14.05,53.1,57.57,9.61,139.01303343605235,-2.452065410285531,0.1710344038100341,0.2081650603683213,0.1901701088465323,0.243983496760012,0.1866469302151,Pangan Hewani
Waropen,Papua,13.4,0.6,29.85,39.5,42.39,9.42,136.75473117785634,-2.7540305766621924,0.1774361621802619,0.2155655856620134,0.1767246061747454,0.2462576433870965,0.1840160025958824,Pangan Hewani
Supiori,Papua,23.2,0.28,37.72,62.2,79.84,9.21,135.56426907413754,-0.7365850471872504,0.2080639734698958,0.1998576472633928,0.1719802322368379,0.2223231872585903,0.1977749597712829,Pangan Hewani
Kota Jayapura,Papua,18.4,0.05,10.72,53.4,53.25,12.07,140.80013989553373,-2.66453250982708,0.1782837954634125,0.2067645151129808,0.1863652550065644,0.2371985193639929,0.191387915053049,Pangan Hewani
